dormitorios;suites;banheiros;vagas;area_privativa;valor;class
3;3;4;4;394.00;0.01;1
3;3;4;2;200.00;0.01;1
1;1;1;1;53.00;9344.04;1
2;1;2;0;109.00;0.01;1
3;3;4;2;147.00;20820.00;1
3;3;4;2;145.12;46577.00;1
2;0;1;1;60.00;0.01;1
2;1;2;2;160.00;60000.00;1
3;3;4;2;122.74;212.77;1
2;1;2;2;85.00;350.00;1
3;1;3;2;98.70;400.00;1
2;1;2;1;60.17;410.00;1
2;1;2;1;61.67;410.00;1
2;1;2;1;64.02;410.00;1
2;1;2;1;61.64;410.00;1
2;1;2;1;156.54;1000.00;1
3;3;3;3;140.08;1200.00;1
2;1;1;1;67.14;1350.00;1
3;2;4;4;212.00;1350.00;1
2;1;2;1;60.00;124900.00;2
2;2;3;1;86.85;572000.00;6
2;2;3;1;78.50;580000.00;6
1;1;3;3;121.23;21312.32;1
2;1;1;1;68.00;48700.00;1
3;1;2;0;95.00;600000.00;6
3;2;3;2;148.00;600000.00;6
4;4;5;4;300.00;600000.00;6
3;3;4;2;123.00;688800.00;7
2;2;3;0;80.95;689554.00;7
3;1;2;2;96.00;707108.00;8
3;1;2;3;145.00;710000.00;8
2;1;2;1;70.95;711220.06;8
2;1;2;1;55.51;714000.00;8
2;1;2;2;85.27;715000.00;8
3;1;2;2;110.00;720000.00;8
2;1;2;1;72.26;723819.49;8
3;3;3;3;151.03;122120.00;2
3;1;2;2;137.73;731971.91;8
3;1;2;3;146.26;780000.00;8
2;1;2;1;97.59;782705.96;8
3;1;2;2;84.61;125000.00;2
2;1;2;1;70.43;790000.00;8
2;0;1;1;53.88;128000.00;2
2;1;2;1;65.99;836036.63;9
3;2;3;2;100.40;841000.00;9
3;2;3;3;117.00;880000.00;9
2;2;3;1;86.15;891138.46;9
2;1;2;1;77.00;987024.00;10
2;1;2;1;63.63;990000.00;10
3;2;3;2;98.00;990000.00;10
2;1;2;2;84.00;990000.00;10
2;2;3;1;88.88;990000.00;10
2;0;1;1;50.47;135977.14;2
2;0;1;1;52.38;136000.00;2
3;3;4;1;142.00;995000.00;10
2;0;1;1;47.00;138000.00;2
2;1;2;1;77.08;1012921.00;11
3;3;4;2;107.00;1031922.00;11
2;1;2;1;89.19;1050000.00;11
2;0;1;1;47.50;139990.00;2
2;0;1;1;52.00;140000.00;2
2;1;2;3;140.86;1050000.00;11
2;2;3;3;201.63;1150000.00;11
4;4;5;3;161.00;1198800.00;11
3;1;2;2;142.00;1199000.00;11
2;0;1;1;52.00;140000.00;2
2;0;1;1;52.00;140000.00;2
2;0;1;1;52.00;140000.00;2
2;1;2;0;74.06;97900.00;1
1;0;1;0;29.00;117000.00;2
2;2;3;0;67.55;730000.00;8
3;1;2;0;108.00;990000.00;10
2;2;3;0;80.20;995000.00;10
1;0;1;0;49.00;141362.38;2
3;3;4;3;152.00;1200000.00;11
2;2;3;1;58.13;1200000.00;11
2;0;1;1;45.08;144999.00;2
3;3;4;4;139.75;1200000.00;11
3;3;4;2;149.94;1200000.00;11
2;1;2;1;97.63;1215506.00;11
2;0;1;1;47.50;145900.00;2
2;2;3;1;90.53;1217000.00;11
2;0;1;1;38.00;146572.20;2
3;3;4;3;150.97;1231686.06;11
3;3;4;3;150.97;1231704.01;11
2;0;1;1;56.00;149000.00;2
2;2;3;1;198.68;1234900.00;11
3;3;4;2;168.00;1250000.00;11
3;3;4;2;168.30;1250000.00;11
3;3;4;1;185.00;1263735.00;11
3;3;4;3;150.97;1270681.39;11
2;0;1;1;48.99;149990.00;2
2;0;1;1;47.50;149990.00;2
2;0;1;1;51.00;149999.00;2
1;0;1;1;46.94;150000.00;2
2;1;1;1;61.00;150000.00;2
1;0;1;1;43.26;150000.00;2
3;3;4;3;150.97;1270681.39;11
2;0;1;1;49.00;150000.00;2
3;3;4;2;173.50;1280000.00;11
2;1;1;1;55.00;150000.00;2
3;3;4;2;173.00;1280000.00;11
4;1;2;3;336.05;1290000.00;11
1;0;1;0;36.00;150000.00;2
1;0;1;0;28.96;150000.00;2
1;0;1;0;28.18;150000.00;2
3;3;4;2;167.00;1290000.00;11
3;3;4;2;167.70;1290000.00;11
3;3;4;2;123.00;1298800.00;11
3;3;4;1;126.44;1299000.00;11
2;0;1;1;49.20;151999.00;2
2;2;3;2;85.52;1317000.00;11
2;2;3;1;88.35;1328330.00;11
3;3;4;2;161.00;1328800.00;11
2;1;2;1;97.63;1340095.00;11
3;2;3;2;174.00;1350000.00;11
3;3;4;2;147.13;1350000.00;11
3;3;4;2;143.50;1350000.00;11
2;0;1;1;52.85;156000.00;2
3;2;3;2;130.00;1350000.00;11
2;2;3;1;60.95;1388000.00;11
3;4;5;2;176.00;1390000.00;11
2;0;1;1;47.50;158465.50;2
3;3;4;2;118.00;1390000.00;11
2;0;1;1;65.00;159900.00;2
2;0;1;1;49.20;159999.00;2
3;4;5;2;176.60;1390000.00;11
3;3;4;3;195.14;1397000.00;11
3;3;4;2;139.41;1398000.00;11
3;3;4;2;150.00;1398850.91;11
3;3;4;2;202.00;1434000.00;11
3;3;4;2;262.03;1455856.82;11
2;1;2;1;97.63;1477455.00;11
2;0;1;1;46.00;160000.00;2
4;1;2;2;189.96;1500000.00;11
3;3;4;1;109.00;1700742.00;12
3;3;4;3;281.32;1703749.19;12
3;3;4;3;281.32;1725743.24;12
3;3;4;1;105.00;1847996.00;12
2;0;1;1;49.00;165000.00;2
2;2;3;2;112.80;1873000.00;12
3;2;3;2;276.00;1880000.00;12
3;3;4;3;170.80;1884000.00;12
3;3;4;2;158.89;1890000.00;12
3;1;2;2;108.20;1891470.00;12
4;4;5;2;159.00;1900000.00;12
2;1;2;1;155.04;1900000.00;12
4;4;5;6;310.00;1900000.00;12
3;3;4;1;423.93;1950000.00;12
3;2;3;2;145.00;1950000.00;12
3;3;4;1;127.00;1969222.00;12
2;2;3;1;117.66;1980000.00;12
3;3;4;8;589.05;2103484.32;12
4;4;5;2;296.00;2200000.00;12
3;2;3;3;215.00;2250000.00;12
2;0;1;1;56.21;170000.00;2
2;2;3;1;128.52;2280000.00;12
3;3;4;2;104.66;2300000.00;12
2;0;1;1;40.00;170000.00;2
2;0;1;1;48.00;170000.00;2
3;3;4;3;376.00;2450000.00;12
2;0;1;1;47.21;170000.00;2
4;4;5;2;205.00;2490000.00;12
3;1;2;4;278.50;2600000.00;12
3;3;4;3;165.00;2600000.00;12
3;2;3;1;172.00;2790052.00;12
3;1;2;1;280.00;2790500.00;12
3;3;4;2;200.81;2800000.00;12
4;4;5;3;272.00;2984322.00;12
4;4;5;2;166.95;3247806.00;12
5;5;6;2;450.00;3300000.00;12
1;0;1;0;46.34;175000.00;2
3;3;4;2;141.09;3316100.00;12
1;0;1;0;32.39;175000.00;2
4;4;5;2;166.95;3324771.00;12
4;4;5;4;355.00;3400000.00;12
4;4;5;3;166.95;3456572.00;12
4;4;5;1;255.00;3480000.00;12
3;3;4;2;141.09;3519700.00;12
4;4;5;3;352.93;3609913.46;12
3;3;4;2;132.00;4002920.00;12
4;4;5;3;480.00;4200000.00;12
5;5;6;1;450.00;4350000.00;12
5;4;5;1;430.00;4500000.00;12
2;0;1;1;54.75;179800.00;2
2;0;1;1;7000.00;179900.00;2
5;5;6;4;599.90;5800000.00;12
3;3;4;2;328.34;6900000.00;12
1;0;1;1;62.00;180000.00;2
3;3;4;2;271.42;6900000.00;12
3;3;4;2;335.45;6900000.00;12
2;0;0;1;48.00;180000.00;2
5;5;6;2;471.29;7000000.00;12
4;4;5;2;349.62;7686525.00;12
4;4;5;2;334.71;7900000.00;12
1;0;1;0;44.94;180000.00;2
2;0;1;1;54.00;180000.00;2
4;4;5;2;405.41;9084075.00;12
4;4;5;4;462.89;10900000.00;12
2;0;0;1;56.28;170000.00;2
2;0;0;1;60.00;175740.00;2
2;0;0;2;56.00;180000.00;2
2;0;1;1;52.00;180000.00;2
2;0;0;2;47.20;180000.00;2
2;0;1;1;50.00;180000.00;2
2;0;0;1;55.00;189900.00;2
1;0;0;1;44.41;190000.00;2
2;0;0;1;71.00;199700.00;2
2;0;0;2;52.00;199900.00;2
2;0;0;2;55.00;230000.00;3
3;0;0;1;69.00;230000.00;3
2;0;0;2;60.00;249900.00;3
2;0;1;1;56.70;185000.00;2
3;0;0;1;70.12;250000.00;3
1;0;0;1;46.67;320000.00;4
2;0;1;1;49.26;187000.00;2
2;0;0;1;62.50;360000.00;4
2;0;0;2;68.00;360000.00;4
2;0;2;1;52.33;187000.00;2
2;0;0;1;62.50;360000.00;4
1;0;0;0;25.00;380000.00;4
2;0;0;1;59.00;390000.00;4
2;0;0;2;70.00;395000.00;4
4;0;0;1;172.00;396000.00;4
1;0;0;1;54.30;434400.00;5
2;0;0;2;70.00;480000.00;5
2;1;2;1;60.00;189900.00;2
2;0;0;1;78.86;485000.00;5
1;0;0;1;50.00;622472.00;7
2;0;0;2;70.00;649000.00;7
2;0;0;2;162.00;650000.00;7
2;0;0;2;70.00;729000.00;8
3;0;0;2;83.00;779000.00;8
3;0;0;2;81.00;798000.00;8
2;0;0;1;91.99;812965.00;9
2;0;1;1;55.00;190000.00;2
3;0;0;2;101.00;879000.00;9
2;0;1;1;47.21;190000.00;2
2;0;0;1;79.79;895304.00;9
3;0;0;2;83.00;898000.00;9
2;1;1;1;63.05;190000.00;2
1;1;1;1;41.00;190000.00;2
3;0;0;2;81.00;949000.00;10
3;0;0;1;63.00;1000000.00;10
2;0;0;1;76.87;1042000.00;11
2;0;1;1;54.60;190000.00;2
2;0;0;2;106.00;1099000.00;11
3;0;0;3;293.00;1150000.00;11
3;0;0;2;117.00;1429000.00;11
3;0;0;2;107.00;1549000.00;12
3;0;0;3;205.00;1590000.00;12
4;0;0;2;190.00;2300000.00;12
3;0;0;1;265.31;3200000.00;12
2;0;0;0;76.90;550000.00;6
2;0;1;1;59.21;190000.00;2
1;0;0;0;53.27;631000.00;7
2;0;1;1;57.06;190000.00;2
1;0;0;0;81.36;657590.00;7
3;0;0;0;118.63;841000.00;9
3;0;0;0;132.68;1099000.00;11
3;0;0;0;101.66;1100000.00;11
2;1;1;0;51.49;200000.00;2
1;0;1;1;37.23;196259.00;2
1;1;1;1;15.60;198000.00;2
2;0;1;2;50.00;199900.00;2
2;0;1;1;56.00;199900.00;2
2;0;1;0;661500.00;200000.00;2
1;1;1;1;39.83;200000.00;2
2;1;2;1;71.03;200000.00;2
2;0;1;1;51.00;200000.00;2
1;0;1;1;37.49;200000.00;2
1;1;1;1;40.58;200000.00;2
2;0;1;0;651300.00;200000.00;2
1;0;1;0;441200.00;200000.00;2
2;0;1;0;61.24;200000.00;2
2;1;2;1;58.00;215000.00;3
3;2;3;0;178.56;1250000.00;11
3;3;4;0;114.53;1790000.00;12
4;4;5;0;228.00;1800000.00;12
3;3;4;0;126.00;1850000.00;12
3;1;2;0;108.20;1948214.00;12
3;1;2;0;130.52;1989000.00;12
3;1;2;0;108.20;2006659.00;12
4;3;4;0;370.71;2635000.00;12
5;5;6;0;580.00;3900000.00;12
2;0;0;0;50.74;179000.00;2
1;0;0;0;56.01;300058.00;4
1;1;1;0;35.90;202000.00;3
2;0;1;0;37.00;205438.00;3
1;0;1;0;39.21;207000.00;3
2;0;1;0;42.47;139000.00;2
2;0;1;0;48.00;140000.00;2
1;0;1;0;40.82;143900.00;2
1;0;1;0;49.21;145900.00;2
2;0;1;1;54.00;207694.00;3
2;0;1;0;47.00;146000.00;2
1;0;1;0;38.40;149900.00;2
3;0;0;0;130.00;0.01;1
3;0;0;0;104.00;1.00;1
1;0;0;0;48.02;65000.00;1
2;0;0;0;38.41;99830.00;1
2;0;1;0;38.40;156900.00;2
2;0;1;0;60.00;160000.00;2
1;0;1;0;36.80;160000.00;2
2;0;1;1;47.21;210000.00;3
2;0;1;1;65.33;210000.00;3
1;0;1;0;442100.00;210000.00;3
2;0;1;1;54.79;210000.00;3
2;0;1;2;71.21;210000.00;3
2;0;1;2;69.06;210000.00;3
1;0;1;0;28.49;160000.00;2
1;0;1;0;38.94;160000.00;2
3;1;2;0;52.00;210000.00;3
2;0;1;0;40.23;160900.00;2
1;0;1;0;38.49;162977.00;2
2;0;1;0;45.30;163900.00;2
1;0;1;0;36.80;165000.00;2
1;0;1;0;38.94;170000.00;2
1;0;1;0;35.92;175000.00;2
1;0;1;0;20.70;178011.21;2
2;1;1;2;71.00;213000.00;3
1;0;1;0;58.00;179000.00;2
1;0;1;0;365.40;179000.00;2
2;0;1;0;68.00;179376.69;2
2;1;2;1;54.00;215000.00;3
2;1;2;1;57.30;215000.00;3
2;0;1;0;44.46;179933.00;2
2;1;2;1;59.07;215000.00;3
2;1;2;1;57.30;215000.00;3
2;1;2;2;71.00;215000.00;3
2;0;1;1;47.21;215000.00;3
1;0;1;0;31.00;199000.00;2
2;0;1;1;57.50;218000.00;3
1;0;1;0;54.00;199000.00;2
3;3;3;2;131.95;218310.00;3
2;0;1;0;41.00;199000.00;2
1;0;1;0;33.75;200000.00;2
2;1;2;1;78.00;219000.00;3
1;0;1;1;35.30;219999.00;3
2;0;1;1;50.00;220000.00;3
1;0;1;1;40.68;220000.00;3
1;0;1;0;45.51;205550.00;3
2;0;1;0;56.32;209500.00;3
1;0;1;0;31.00;211000.00;3
1;1;1;0;33.00;224000.00;3
1;0;1;0;31.00;214000.00;3
1;0;1;0;32.00;215000.00;3
1;0;1;0;32.00;217000.00;3
1;0;1;0;31.00;217000.00;3
2;0;1;0;51.00;218000.00;3
1;0;1;1;40.41;220000.00;3
1;0;1;0;26.00;218400.00;3
1;0;1;0;31.00;220000.00;3
1;0;1;0;32.00;223000.00;3
2;1;2;2;67.65;220000.00;3
2;1;1;1;51.00;220000.00;3
1;0;1;0;31.00;223000.00;3
2;0;1;0;42.00;224000.00;3
2;0;2;0;66.19;230000.00;3
3;0;1;0;81.00;235000.00;3
1;0;1;0;29.00;237000.00;3
1;0;1;0;43.00;240619.00;3
2;0;1;0;55.00;245000.00;3
1;0;1;0;37.00;248000.00;3
3;1;2;2;154.00;224000.00;3
1;0;1;0;36.00;248000.00;3
2;1;1;1;57.35;225000.00;3
2;1;2;1;57.30;225000.00;3
1;0;1;1;41.73;225000.00;3
1;0;1;1;42.67;225000.00;3
2;1;2;1;59.07;225000.00;3
2;0;1;0;56.46;250000.00;3
1;0;1;1;47.21;225000.00;3
1;0;1;1;43.67;225000.00;3
2;1;2;1;57.30;225000.00;3
2;1;2;1;62.33;225000.00;3
2;0;1;0;56.46;250000.00;3
1;0;1;0;24.00;252598.00;3
2;0;1;0;60.00;255641.00;3
2;0;1;2;66.00;229000.00;3
3;0;2;0;105.75;229000.00;3
2;0;1;0;48.60;255800.00;3
2;0;1;0;48.60;258700.00;3
2;0;1;0;51.70;267300.00;3
1;0;1;0;37.10;271098.72;3
1;0;1;0;24.00;274911.18;3
2;0;1;0;53.84;290000.00;3
2;1;2;1;73.00;230000.00;3
1;0;1;0;27.05;290000.00;3
2;0;1;0;80.00;290000.00;3
1;0;1;0;33.64;290000.00;3
2;0;1;1;47.21;230000.00;3
1;0;1;0;40.11;290000.00;3
2;0;1;0;53.84;290000.00;3
2;0;1;0;53.77;290000.00;3
3;1;1;1;66.49;232034.00;3
2;0;1;0;53.84;290000.00;3
2;0;1;0;65.46;292699.00;3
2;0;1;0;59.80;293300.00;3
1;0;1;0;26.00;298236.00;3
2;0;1;1;61.00;235000.00;3
1;0;1;1;58.00;235000.00;3
2;0;1;0;60.26;300000.00;3
2;0;1;1;63.00;235000.00;3
2;1;2;1;62.33;235000.00;3
2;0;1;0;61.85;300000.00;3
2;0;1;0;65.62;300000.00;3
3;0;1;0;78.94;350000.00;4
3;0;2;0;117.67;350000.00;4
1;0;1;0;40.00;350000.00;4
2;0;1;0;76.00;350000.00;4
3;0;1;0;78.94;350000.00;4
3;0;1;0;106.00;365000.00;4
2;0;1;0;53.25;370000.00;4
1;1;1;1;42.44;250000.00;3
2;0;1;1;58.00;239000.00;3
2;2;3;2;80.00;250000.00;3
2;0;1;0;110.00;378000.00;4
2;0;1;0;55.00;380000.00;4
1;0;1;0;36.34;380000.00;4
1;0;1;0;31.00;381800.00;4
3;0;1;0;78.94;390000.00;4
2;0;2;0;62.00;460000.00;5
2;0;1;1;75.00;240000.00;3
1;0;1;1;36.49;240000.00;3
1;0;1;0;27.27;468000.00;5
3;0;1;0;190.00;600000.00;6
1;0;2;0;65.00;619000.00;7
2;0;1;0;65.00;630000.00;7
1;0;2;0;63.00;639000.00;7
1;0;1;0;47.00;670000.00;7
3;0;1;1;85.00;245000.00;3
2;1;2;1;59.35;246302.00;3
2;1;2;1;73.00;248000.00;3
1;0;1;1;45.00;248000.00;3
2;1;1;1;56.94;249000.00;3
1;0;1;1;49.10;249252.64;3
2;1;2;1;72.47;250000.00;3
3;0;1;1;67.22;250000.00;3
2;1;1;1;55.55;250000.00;3
1;1;1;1;57.00;250000.00;3
2;1;1;1;87.79;250000.00;3
1;0;1;1;47.30;250000.00;3
2;0;1;0;66.07;250000.00;3
1;0;1;1;44.26;250000.00;3
2;1;2;3;106.16;250000.00;3
2;1;2;1;68.22;251000.00;3
2;1;2;1;60.52;251158.00;3
2;1;2;1;60.52;251158.00;3
2;1;2;1;60.57;251365.00;3
2;1;2;1;60.57;251365.00;3
2;1;2;1;71.19;251760.00;3
1;1;2;1;61.00;254000.00;3
2;0;1;1;70.77;258000.00;3
3;1;2;1;92.70;259000.00;3
2;1;2;2;74.31;259900.00;3
2;1;1;1;60.00;260000.00;3
2;1;1;2;86.00;260000.00;3
2;0;0;1;58.29;262541.23;3
1;1;1;0;35.00;290000.00;3
2;1;2;1;59.35;260372.77;3
2;1;2;0;88.00;265000.00;3
2;1;2;1;68.22;261000.00;3
2;1;2;1;78.03;265000.00;3
2;0;0;2;46.00;265000.00;3
2;0;1;1;67.00;265000.00;3
2;1;2;1;60.52;265108.43;3
2;1;2;1;60.57;265336.45;3
2;1;2;1;60.57;265336.45;3
2;1;2;1;59.35;269372.77;3
2;1;1;1;60.00;269900.00;3
2;1;2;1;76.00;270000.00;3
1;0;1;1;44.46;273157.00;3
2;1;2;1;60.52;274108.43;3
2;1;2;1;60.57;274336.45;3
2;1;2;1;60.57;274336.45;3
2;1;2;2;77.00;274607.00;3
2;1;1;1;60.00;275000.00;3
2;1;1;1;64.09;279000.00;3
2;1;2;1;60.52;279108.43;3
2;1;2;1;60.57;279336.45;3
2;1;2;1;60.57;279336.45;3
1;0;1;1;56.00;280000.00;3
2;0;1;1;55.00;280000.00;3
2;0;1;2;62.06;285000.00;3
2;1;2;1;60.57;288000.00;3
2;1;2;1;60.57;288000.00;3
1;0;1;0;18.82;290000.00;3
2;1;2;1;95.00;299900.00;3
2;1;2;2;102.90;300000.00;3
2;1;2;2;60.00;305000.00;4
2;1;2;0;102.90;300000.00;3
2;1;1;0;75.98;300000.00;3
2;1;1;0;84.52;300000.00;3
2;1;1;0;75.98;300000.00;3
3;1;2;2;108.00;290000.00;3
2;1;1;0;84.40;300000.00;3
2;1;2;1;123.00;292000.00;3
2;1;1;1;78.30;295000.00;3
2;1;1;1;78.30;295000.00;3
2;1;1;1;52.00;295000.00;3
2;1;2;1;59.35;296000.00;3
2;0;1;1;64.00;296946.53;3
2;1;1;1;52.14;297562.97;3
1;0;0;0;49.00;297737.00;3
2;1;2;1;60.57;298000.00;3
2;0;2;1;53.81;298000.00;3
2;1;2;2;72.00;299000.00;3
2;0;1;2;72.04;299900.00;3
2;1;2;0;662800.00;300000.00;3
2;0;1;1;56.84;300000.00;3
1;0;1;1;35.00;300000.00;3
2;0;1;1;56.00;300000.00;3
2;1;1;1;75.00;300000.00;3
1;0;1;0;70.00;300000.00;3
2;2;3;2;175.37;300000.00;3
2;1;1;2;95.00;309900.00;4
1;1;2;1;70.42;310000.00;4
2;0;2;1;52.91;310000.00;4
1;0;0;0;58.00;312785.00;4
2;1;2;2;131.87;320000.00;4
2;1;2;1;90.83;315000.00;4
2;1;2;2;75.00;315000.00;4
2;1;2;2;74.00;315500.00;4
2;1;2;2;81.51;329863.14;4
2;2;2;1;57.30;318000.00;4
2;1;2;1;44.00;340000.00;4
2;0;2;1;63.03;320000.00;4
2;1;1;2;77.96;320000.00;4
3;1;1;0;91.46;320000.00;4
3;1;2;2;100.00;320000.00;4
1;1;2;1;49.00;320000.00;4
2;0;1;1;72.28;320000.00;4
3;1;3;3;103.00;320000.00;4
2;1;2;1;63.33;320000.00;4
3;1;2;0;98.00;324000.00;4
2;1;2;1;55.48;321194.00;4
2;2;3;0;63.85;338875.00;4
2;1;2;1;62.09;323802.20;4
3;1;1;0;65.40;340000.00;4
2;2;3;1;74.00;350000.00;4
2;1;2;1;58.00;328000.00;4
1;1;1;1;51.11;328000.00;4
2;1;2;1;56.45;328000.00;4
2;1;2;2;81.96;329863.14;4
2;1;1;1;60.00;330000.00;4
2;1;1;1;60.00;330000.00;4
2;1;2;1;79.37;330000.00;4
2;1;2;2;95.04;330000.00;4
2;1;2;1;78.71;330000.00;4
2;1;2;1;74.80;330000.00;4
2;1;2;1;69.70;332521.00;4
2;1;2;1;64.88;335000.00;4
2;1;1;2;73.76;335000.00;4
3;0;1;1;84.89;335000.00;4
2;1;2;2;77.00;335000.00;4
2;1;1;1;80.00;335000.00;4
2;1;2;1;57.65;338000.00;4
2;1;2;1;86.00;339000.00;4
3;1;2;1;79.33;340000.00;4
3;1;2;1;78.80;340000.00;4
3;1;2;2;83.00;340000.00;4
2;1;2;2;81.51;340678.32;4
2;1;2;1;58.57;342927.00;4
2;1;2;2;66.47;345000.00;4
2;1;2;1;85.00;345000.00;4
2;1;2;1;62.00;345000.00;4
3;1;2;2;116.00;345000.00;4
2;1;2;2;77.00;346664.00;4
2;1;2;1;76.00;349000.00;4
2;1;2;2;83.00;349000.00;4
2;1;2;2;95.00;349000.00;4
2;2;3;1;54.00;350000.00;4
3;3;4;2;92.00;350000.00;4
3;1;2;1;79.33;350000.00;4
2;0;2;0;849400.00;350000.00;4
2;0;2;0;839900.00;350000.00;4
1;0;1;1;66.00;350000.00;4
2;1;2;1;92.00;350000.00;4
1;1;1;1;68.99;350960.00;4
2;1;1;1;79.00;350000.00;4
2;1;2;1;63.29;350000.00;4
2;0;1;1;57.56;350000.00;4
2;1;2;1;68.00;350000.00;4
2;1;2;1;73.00;350000.00;4
2;2;3;2;85.50;350000.00;4
2;0;2;1;70.00;350000.00;4
2;1;2;3;75.96;359000.00;4
3;1;2;1;115.00;370000.00;4
3;0;1;3;116.00;350000.00;4
1;1;2;1;67.03;350000.00;4
3;1;2;1;83.27;351000.00;4
3;1;2;1;77.23;351000.00;4
3;1;2;1;77.23;351000.00;4
3;1;2;0;95.00;350000.00;4
2;1;2;1;62.31;351000.00;4
3;1;2;1;78.80;351000.00;4
2;1;2;2;81.96;351493.51;4
2;1;2;1;67.21;353152.17;4
2;1;1;1;60.00;354877.96;4
2;1;1;1;70.00;354877.96;4
3;1;2;1;100.65;355000.00;4
3;1;2;1;100.65;355000.00;4
1;1;1;0;62.50;356900.00;4
1;1;1;0;62.50;356900.00;4
3;1;2;1;100.65;355000.00;4
2;1;2;1;62.00;355000.00;4
3;1;2;1;100.65;355000.00;4
1;0;1;0;31.64;355000.00;4
2;2;3;0;68.62;358875.00;4
2;1;1;0;68.32;370000.00;4
2;2;3;0;63.85;374052.00;4
2;1;2;1;67.00;358586.96;4
3;1;2;1;93.00;359000.00;4
2;0;1;1;57.48;359000.00;4
3;1;2;1;101.00;359890.00;4
2;2;3;0;63.85;374052.00;4
2;1;1;1;60.26;360000.00;4
3;1;2;1;84.48;360000.00;4
3;1;2;1;83.27;361000.00;4
3;1;2;1;77.23;361000.00;4
3;1;2;1;77.23;361000.00;4
2;1;2;2;81.96;362308.70;4
2;1;2;1;71.08;364000.00;4
2;1;2;1;58.15;364640.00;4
3;1;1;1;95.30;365000.00;4
2;1;2;1;73.00;365000.00;4
3;1;2;2;99.00;365000.00;4
2;1;2;1;61.00;365000.00;4
3;0;2;2;71.67;365000.00;4
1;1;1;1;53.26;367000.00;4
1;0;1;1;41.31;367000.00;4
2;1;2;1;62.09;367712.20;4
3;1;1;1;77.34;369900.00;4
3;1;2;1;84.48;370000.00;4
2;1;2;1;60.00;370000.00;4
2;1;1;1;87.00;370000.00;4
3;1;1;1;115.60;370000.00;4
2;1;2;2;99.17;370000.00;4
2;1;2;2;81.96;373123.87;4
1;1;1;1;53.00;380800.00;4
2;1;2;2;74.26;375000.00;4
2;1;2;1;87.61;375000.00;4
2;2;3;1;91.00;375000.00;4
2;2;3;1;91.00;375000.00;4
2;1;2;1;60.00;375000.00;4
2;1;2;2;103.21;390000.00;4
3;1;2;0;130.00;390000.00;4
2;1;2;1;74.15;378083.30;4
2;0;1;1;61.16;379000.00;4
1;0;1;1;46.00;379000.00;4
3;1;3;1;97.17;380000.00;4
3;0;1;3;116.00;380000.00;4
3;1;1;0;116.00;380000.00;4
2;1;2;1;84.45;380000.00;4
3;1;2;0;100.00;385000.00;4
3;1;2;2;88.00;380000.00;4
2;1;1;1;98.50;380000.00;4
2;1;2;2;67.00;380000.00;4
2;1;2;0;73.17;380000.00;4
3;1;2;0;103.00;390000.00;4
1;1;1;1;27.45;380000.00;4
2;0;1;1;71.58;380000.00;4
2;2;3;0;68.62;390349.00;4
1;0;1;0;27.00;377400.00;4
2;1;1;1;72.12;380053.00;4
3;1;2;2;85.00;381636.52;4
1;0;1;0;30.07;381889.00;4
2;1;2;1;67.00;382226.56;4
1;0;1;0;30.11;382397.00;4
2;1;2;1;58.15;383720.00;4
2;1;2;1;58.16;384780.00;4
1;1;1;0;62.00;385000.00;4
1;1;1;1;53.13;385000.00;4
2;1;2;1;68.02;385000.00;4
1;0;1;0;35.84;385000.00;4
2;1;2;2;83.70;385000.00;4
2;1;2;1;66.27;385143.02;4
1;0;1;0;30.59;388493.00;4
1;0;1;0;30.62;388874.00;4
2;1;2;1;61.79;389000.00;4
2;1;2;1;68.70;390000.00;4
2;1;2;1;68.28;390000.00;4
3;1;2;2;108.00;390000.00;4
3;1;2;2;122.00;390000.00;4
1;1;1;1;69.50;390000.00;4
2;1;2;2;69.46;390000.00;4
2;1;2;2;71.66;390000.00;4
2;1;2;2;79.25;390000.00;4
2;1;2;1;71.00;390000.00;4
2;1;2;1;70.00;390000.00;4
2;1;2;1;67.00;391258.35;4
2;1;2;1;66.27;391258.35;4
1;0;1;0;30.84;391668.00;4
2;2;2;1;70.00;392000.00;4
2;1;2;1;65.95;392000.00;4
1;0;1;0;30.92;392684.00;4
2;1;2;1;78.60;393000.00;4
1;1;1;1;58.62;410000.00;5
2;2;2;1;80.00;395000.00;4
2;1;2;1;84.78;408000.00;5
2;2;2;1;80.00;395000.00;4
2;1;2;1;68.00;408000.00;5
2;2;3;0;68.62;394052.00;4
2;1;1;0;86.79;395000.00;4
2;2;3;0;72.96;397503.00;4
2;1;2;2;76.00;396000.00;4
2;2;3;0;72.96;397503.00;4
2;2;3;0;72.96;405493.00;5
3;1;3;1;110.00;398500.00;4
2;1;2;1;92.00;399000.00;4
2;0;1;1;65.69;399000.00;4
2;1;1;1;69.00;399900.00;4
2;1;2;2;81.00;400000.00;4
2;1;2;0;73.16;400000.00;4
2;1;1;1;79.00;400000.00;4
2;1;2;2;89.00;400000.00;4
2;1;2;1;83.26;400000.00;4
2;1;1;1;76.50;400000.00;4
2;1;1;1;70.88;400000.00;4
3;1;2;1;69.87;400000.00;4
2;1;2;1;70.00;400000.00;4
2;1;1;1;64.46;400000.00;4
2;1;2;1;74.15;401452.00;5
2;1;2;1;67.00;403000.00;5
2;1;2;1;56.06;403860.00;5
2;1;2;1;67.50;403899.20;5
2;0;2;2;69.00;404152.00;5
3;1;2;1;115.54;405000.00;5
2;1;2;1;84.00;408000.00;5
1;0;1;1;46.20;411000.00;5
2;0;1;2;78.36;411827.71;5
2;1;1;1;66.93;411943.00;5
2;1;2;1;74.15;412688.00;5
1;1;1;1;55.08;413100.00;5
2;1;1;1;66.82;413176.59;5
3;1;2;1;76.78;413648.00;5
1;1;1;1;55.17;413775.00;5
2;1;1;0;75.21;414613.00;5
1;1;2;1;65.57;415000.00;5
2;1;2;1;89.12;415000.00;5
2;1;2;1;70.67;415674.86;5
1;1;1;1;55.75;418125.00;5
2;1;2;1;70.65;420000.00;5
2;2;3;2;75.69;429000.00;5
3;1;2;2;125.00;430000.00;5
2;1;2;1;61.68;435000.00;5
2;1;1;1;80.00;420000.00;5
2;1;2;1;76.00;440000.00;5
2;1;2;0;54.00;446000.00;5
2;2;2;1;68.40;420000.00;5
2;1;2;1;90.82;420000.00;5
2;1;2;1;91.60;420000.00;5
1;0;1;1;42.61;420000.00;5
2;2;3;2;117.00;420000.00;5
3;1;2;1;102.00;420000.00;5
1;1;1;1;48.46;421270.00;5
2;1;1;1;68.00;421285.41;5
2;1;1;0;75.21;421766.00;5
2;1;1;1;74.51;422329.77;5
2;1;2;1;69.50;423601.60;5
2;1;2;1;74.15;423924.00;5
2;2;3;1;91.00;425000.00;5
3;1;2;1;140.00;425000.00;5
3;1;2;2;136.00;425000.00;5
2;1;1;1;84.00;425000.00;5
1;1;1;1;56.63;425000.00;5
2;1;2;1;79.86;425000.00;5
2;2;3;1;91.00;425000.00;5
2;1;2;1;62.87;427500.00;5
3;1;3;2;114.22;428000.00;5
2;2;2;2;87.55;429000.00;5
3;1;3;2;100.00;429000.00;5
3;1;1;1;100.00;430000.00;5
2;1;2;1;60.00;430000.00;5
2;1;2;1;60.00;430000.00;5
3;1;2;2;117.00;430000.00;5
2;1;1;1;68.00;430000.00;5
2;1;1;1;81.00;430000.00;5
2;1;2;0;64.00;430000.00;5
2;1;2;2;94.40;430000.00;5
1;0;1;0;33.86;430022.00;5
2;1;2;2;132.00;430438.00;5
2;1;2;1;74.15;430448.30;5
1;1;2;2;61.00;432000.00;5
2;1;1;1;85.00;433976.00;5
2;1;1;1;51.38;434187.30;5
3;1;2;2;94.00;435000.00;5
1;1;2;1;67.03;435000.00;5
2;1;2;1;70.80;435844.52;5
2;1;2;1;77.00;436000.00;5
3;1;2;2;84.80;436000.00;5
2;1;1;1;85.87;436620.48;5
3;1;2;1;75.00;440000.00;5
2;2;3;2;85.57;440000.00;5
3;1;2;2;116.01;440000.00;5
3;2;3;1;140.65;442000.00;5
2;1;2;2;79.00;442000.00;5
2;1;2;1;70.67;445785.25;5
1;1;1;1;41.22;450000.00;5
2;1;2;1;75.07;449000.00;5
1;1;1;1;52.00;450000.00;5
4;3;5;2;32.00;449000.00;5
2;1;2;1;70.43;449000.00;5
3;1;2;2;114.00;449900.00;5
3;1;2;1;126.98;450000.00;5
3;1;2;2;128.58;450000.00;5
2;1;1;1;86.00;450000.00;5
2;1;2;0;82.00;450000.00;5
2;1;1;1;58.00;450000.00;5
2;0;1;1;62.46;450000.00;5
3;1;2;1;128.70;450000.00;5
3;1;3;1;84.00;450000.00;5
3;1;1;1;100.00;450000.00;5
2;1;1;1;75.00;450000.00;5
2;2;2;2;100.44;450000.00;5
2;1;2;2;76.00;467414.00;5
3;1;2;1;118.00;450000.00;5
3;1;2;2;131.00;450000.00;5
3;1;2;1;85.82;450978.26;5
3;1;2;2;84.00;474000.00;5
3;1;1;1;200.00;453000.00;5
2;1;2;2;82.00;454000.00;5
2;1;2;1;74.00;454812.00;5
3;1;2;0;449.67;449670.00;5
3;1;2;2;88.25;456000.00;5
2;1;2;2;69.86;456860.00;5
2;1;2;1;70.00;456860.00;5
2;2;2;1;67.40;456950.00;5
2;1;2;1;68.00;458000.00;5
2;1;2;2;96.62;459000.00;5
3;1;2;0;140.20;449670.00;5
3;1;2;2;88.72;459000.00;5
2;1;2;0;67.00;450000.00;5
2;1;2;0;64.00;460000.00;5
2;1;2;2;91.77;460000.00;5
3;1;1;3;124.00;460000.00;5
3;1;2;2;69.43;460000.00;5
2;1;2;1;70.63;461036.16;5
3;1;2;2;151.00;463734.15;5
2;1;1;0;84.00;460000.00;5
2;1;2;2;69.00;465000.00;5
2;1;2;1;68.00;465000.00;5
2;1;1;0;86.34;472418.20;5
2;1;1;1;84.39;467870.00;5
2;1;2;0;64.68;472857.60;5
2;1;2;1;116.00;468000.00;5
2;1;2;1;106.00;468000.00;5
2;1;2;0;68.42;472857.60;5
2;1;2;2;83.17;469537.00;5
2;1;2;2;76.00;470000.00;5
2;1;2;0;64.00;474000.00;5
3;1;2;4;114.00;470000.00;5
2;1;2;1;70.63;470887.36;5
2;1;2;1;68.00;472000.00;5
1;1;1;1;55.70;472900.00;5
1;1;2;1;45.00;473754.00;5
3;1;2;1;131.00;475000.00;5
3;1;2;1;131.00;475000.00;5
3;1;2;1;131.00;475000.00;5
2;2;2;1;82.75;475000.00;5
3;1;2;1;131.00;475000.00;5
3;1;2;1;131.00;475000.00;5
2;1;1;1;84.39;475670.00;5
2;1;2;1;71.00;476000.00;5
2;1;2;1;108.04;476872.86;5
2;1;2;1;64.00;478000.00;5
3;1;2;1;114.00;480000.00;5
2;1;2;1;86.82;479062.50;5
3;1;2;1;85.75;479900.00;5
2;2;3;1;100.02;497650.00;5
2;1;2;1;52.59;480000.00;5
3;1;3;1;159.00;480000.00;5
3;1;2;2;69.35;480000.00;5
3;3;4;1;97.00;498000.00;5
2;2;3;0;67.97;479000.00;5
2;1;2;1;52.59;480000.00;5
2;1;2;1;52.59;480000.00;5
2;2;3;1;68.00;480000.00;5
3;3;3;1;68.00;480000.00;5
2;1;2;1;52.59;480000.00;5
3;1;2;3;99.31;480000.00;5
3;1;1;1;99.00;480054.00;5
3;1;1;2;92.00;480760.00;5
2;1;2;1;71.00;480916.79;5
2;1;2;2;85.00;481059.00;5
2;1;2;2;79.98;481277.00;5
2;1;2;1;64.00;482000.00;5
1;1;1;1;49.01;483129.48;5
2;1;1;1;81.04;483470.00;5
3;1;2;1;76.69;485000.00;5
2;1;1;1;83.88;485000.00;5
2;1;2;0;83.88;485000.00;5
2;1;2;1;73.95;486143.69;5
2;1;2;1;64.00;487000.00;5
3;3;4;0;214.40;487576.00;5
2;1;1;1;74.00;487616.80;5
3;1;1;1;80.00;488000.00;5
1;1;1;1;56.94;488999.00;5
2;1;2;1;112.30;489103.51;5
2;1;2;1;73.95;489995.78;5
2;1;2;1;55.94;490000.00;5
2;1;2;1;56.02;490000.00;5
2;1;2;2;89.00;490000.00;5
2;1;2;2;80.00;490000.00;5
2;1;2;1;55.94;490000.00;5
3;1;1;2;87.69;491000.00;5
2;1;1;1;81.04;491270.00;5
3;1;2;1;56.22;492933.00;5
2;1;2;1;68.00;493000.00;5
2;1;2;1;64.00;493000.00;5
2;1;2;2;59.72;494000.00;5
2;1;2;1;69.00;494530.24;5
3;1;1;2;83.00;494904.00;5
3;1;2;2;86.70;495000.00;5
3;1;3;2;130.00;495000.00;5
2;1;2;1;87.96;495000.00;5
3;1;2;2;88.99;496458.00;5
1;1;1;1;43.00;497331.65;5
2;1;2;1;73.95;498529.75;5
1;1;1;1;56.94;498900.00;5
2;2;3;1;64.00;499999.99;5
3;1;3;2;150.00;500000.00;5
2;0;1;2;86.00;500000.00;5
3;1;2;2;86.14;500000.00;5
2;1;2;1;68.00;500000.00;5
2;2;2;1;88.00;500000.00;5
2;2;3;2;87.27;500000.00;5
2;1;2;0;117.00;500000.00;5
1;1;1;1;40.82;522000.00;6
2;1;2;0;89.18;500000.00;5
2;1;2;2;89.02;500000.00;5
2;2;3;2;79.36;500000.00;5
2;1;1;2;98.58;501597.64;6
2;1;1;1;65.50;505044.00;6
3;0;2;2;113.00;505500.00;6
2;1;2;1;86.74;507000.00;6
1;1;1;1;65.12;508222.00;6
2;2;3;2;96.58;520000.00;6
2;1;2;2;87.61;510000.00;6
3;1;3;2;101.34;510000.00;6
2;2;2;0;42.29;512000.00;6
2;1;2;1;69.00;514232.64;6
2;2;3;2;79.69;527000.00;6
2;1;2;2;89.49;515124.13;6
3;1;2;2;136.49;534980.00;6
2;1;1;2;81.54;516000.00;6
3;2;1;1;57.37;516330.00;6
2;1;1;2;98.58;517272.57;6
2;1;2;1;66.00;519900.00;6
2;2;2;1;70.00;520000.00;6
3;1;2;2;113.54;520000.00;6
2;1;1;0;97.12;508311.16;6
3;1;2;2;97.00;522000.00;6
2;2;2;0;40.07;522000.00;6
1;1;1;0;40.82;522000.00;6
3;1;2;2;95.35;525000.00;6
2;1;2;0;90.00;510000.00;6
2;2;3;0;40.07;522000.00;6
3;1;1;2;120.00;528000.00;6
2;1;2;0;87.00;540000.00;6
3;1;2;1;69.99;529000.00;6
2;1;2;0;71.00;540000.00;6
2;1;2;0;56.20;524000.00;6
2;1;2;1;88.60;530500.00;6
2;1;2;1;88.60;530500.00;6
2;1;2;1;88.60;530500.00;6
2;1;2;1;88.60;530500.00;6
2;1;1;1;117.40;532000.00;6
2;1;2;1;110.86;534000.00;6
2;1;1;2;101.29;534865.91;6
3;1;1;2;96.00;535000.00;6
2;1;2;1;65.44;535885.81;6
2;1;1;1;105.08;537059.75;6
3;1;2;1;111.44;538000.00;6
2;1;2;0;69.85;526054.08;6
2;2;3;2;89.00;540000.00;6
3;1;2;2;107.57;540000.00;6
2;1;2;2;69.50;540000.00;6
3;1;2;2;109.00;540000.00;6
2;1;2;2;93.87;540000.00;6
2;1;2;2;93.87;540000.00;6
3;1;1;0;49.00;543173.20;6
2;0;0;0;88.00;543463.00;6
2;1;1;2;81.54;544000.00;6
2;1;1;1;128.00;544000.00;6
2;1;2;2;86.74;545000.00;6
2;2;3;1;74.00;548000.00;6
2;1;1;2;72.76;547626.78;6
3;1;2;2;109.59;547900.00;6
3;1;1;1;106.68;549000.00;6
3;1;2;2;128.00;549000.00;6
3;1;1;1;141.38;550000.00;6
3;1;1;1;223.77;550000.00;6
2;1;2;1;130.39;560000.00;6
2;1;2;1;6600.00;550000.00;6
2;1;2;1;65.80;550000.00;6
3;1;3;1;139.23;550000.00;6
2;1;2;2;0.01;550000.00;6
2;1;2;2;79.00;550000.00;6
3;1;1;2;99.38;550000.00;6
3;1;2;2;77.53;550000.00;6
2;2;3;2;117.00;550000.00;6
2;1;2;5;83.00;560000.00;6
3;1;2;2;106.00;550000.00;6
3;1;2;2;101.34;560000.00;6
2;1;1;1;70.25;550909.00;6
2;1;1;1;72.29;550909.00;6
2;1;1;1;85.00;551106.00;6
3;1;1;0;100.00;552497.00;6
3;0;2;1;93.00;555000.00;6
3;1;1;0;100.00;555334.00;6
2;1;2;1;69.00;557577.92;6
1;1;1;1;52.00;559000.00;6
1;1;1;1;52.00;559000.00;6
1;1;1;1;52.00;559000.00;6
1;1;1;1;52.00;559000.00;6
1;1;1;1;52.00;559000.00;6
1;1;1;1;52.00;559000.00;6
1;1;1;1;52.00;559000.00;6
1;1;1;1;52.00;559000.00;6
1;1;1;1;52.00;559000.00;6
2;2;3;0;74.53;564157.00;6
2;1;2;2;88.43;560000.00;6
3;1;2;2;133.00;560000.00;6
3;1;2;2;135.95;560000.00;6
2;1;1;2;82.16;560000.00;6
2;1;2;0;90.00;562042.36;6
2;1;1;2;72.76;564150.51;6
2;1;1;2;98.58;564297.35;6
1;1;1;1;84.19;565000.00;6
2;1;1;1;68.00;566152.00;6
2;1;2;1;66.44;569900.00;6
1;1;1;1;90.00;569906.54;6
3;1;2;3;96.69;570000.00;6
3;1;1;2;140.74;570000.00;6
1;1;1;1;60.11;570000.00;6
2;1;2;2;89.05;570000.00;6
2;1;1;2;101.29;570308.83;6
2;1;2;1;67.03;574000.00;6
2;1;2;1;78.00;575000.00;6
2;2;3;2;82.00;575000.00;6
2;1;1;1;119.20;576907.00;6
2;1;2;1;69.00;577280.32;6
2;2;3;2;87.02;565000.00;6
2;2;3;0;76.16;566446.00;6
3;1;3;2;129.29;580000.00;6
2;1;2;2;100.00;580000.00;6
3;1;1;2;110.09;580000.00;6
3;0;2;2;94.96;580000.00;6
2;2;3;2;87.02;570000.00;6
2;1;2;0;64.58;545756.48;6
2;1;2;0;80.04;550000.00;6
2;1;2;0;124.91;565000.00;6
2;1;2;0;69.85;577280.32;6
2;1;2;0;68.75;577280.32;6
1;1;1;1;87.50;587650.00;6
2;1;2;1;70.11;583000.00;6
2;1;2;1;62.07;583150.13;6
1;1;1;1;50.12;595000.00;6
2;0;1;0;45.09;585000.00;6
2;2;3;1;80.44;585321.66;6
2;1;2;1;62.07;586065.88;6
2;2;3;1;81.78;584000.00;6
2;1;1;1;63.32;588472.68;6
2;1;2;1;62.07;588981.63;6
2;1;2;1;63.72;588981.65;6
2;1;2;1;69.00;589101.76;6
2;1;2;1;65.96;589375.00;6
4;1;2;2;275.00;590000.00;6
1;1;1;1;52.00;590000.00;6
2;1;2;1;70.00;590000.00;6
3;1;1;1;89.00;590000.00;6
2;2;3;2;202.20;590108.80;6
3;2;1;1;62.81;590414.00;6
2;2;3;1;92.67;588000.00;6
2;1;2;1;62.07;591897.38;6
3;1;1;1;100.00;593000.00;6
2;1;2;1;63.72;594813.15;6
1;1;1;1;50.12;595000.00;6
2;2;3;2;93.00;588600.00;6
2;1;2;2;101.56;595000.00;6
2;1;1;2;146.30;595165.18;6
3;1;2;2;149.00;589250.00;6
2;1;2;1;72.43;596000.00;6
2;1;2;1;80.96;596000.00;6
2;1;1;1;66.69;597549.08;6
3;1;2;2;172.00;590000.00;6
3;1;2;2;116.00;598000.00;6
2;1;2;2;85.00;598000.00;6
3;1;2;2;97.00;598460.22;6
2;1;2;1;69.00;598952.96;6
1;1;1;2;85.00;599000.00;6
3;3;4;2;179.05;595000.00;6
2;1;1;1;94.00;600000.00;6
3;1;2;2;106.73;600000.00;6
2;1;2;0;119.00;599000.00;6
3;1;1;0;145.00;600000.00;6
2;1;2;2;82.00;599000.00;6
2;1;2;1;7600.00;600000.00;6
3;1;2;2;69.50;600000.00;6
2;1;2;1;65.79;599580.98;6
1;0;1;1;59.70;600000.00;6
1;1;2;1;77.00;600000.00;6
2;1;2;1;63.72;600644.65;7
3;2;3;2;75.00;601578.92;7
2;1;1;2;72.22;602000.00;7
2;2;3;1;143.88;604000.00;7
2;1;2;1;70.00;606500.00;7
3;1;1;0;123.00;585000.00;6
2;1;2;0;69.85;587131.52;6
1;0;1;0;62.18;594733.83;6
2;1;2;0;69.85;598952.96;6
1;1;2;0;69.00;600000.00;6
2;2;2;0;105.63;601499.00;7
2;1;1;1;121.43;595000.00;6
1;2;1;1;120.66;595000.00;6
1;2;1;1;120.66;595000.00;6
2;1;1;1;121.43;595000.00;6
1;2;1;1;120.66;595000.00;6
2;1;1;1;121.43;595000.00;6
1;2;1;1;120.66;595000.00;6
2;1;2;1;119.48;606707.00;7
3;1;2;2;92.35;607360.00;7
2;1;2;1;68.44;607604.39;7
2;1;2;1;72.43;608000.00;7
2;1;1;1;63.32;608088.44;7
3;1;3;2;111.00;610000.00;7
3;1;1;1;66.91;611459.03;7
2;1;2;1;63.72;612307.65;7
2;1;2;1;76.00;613500.00;7
2;1;1;2;107.94;615335.94;7
2;1;2;1;72.31;617000.00;7
1;1;1;3;74.46;630000.00;7
3;1;2;1;122.00;620000.00;7
2;2;2;1;81.05;620000.00;7
3;1;2;2;94.00;620000.00;7
2;0;2;2;67.22;620000.00;7
2;1;2;1;70.64;624614.48;7
2;1;1;2;113.00;621000.00;7
3;2;1;2;98.00;622000.00;7
2;1;1;1;84.22;622000.00;7
3;1;2;2;104.30;625000.00;7
3;1;2;2;118.85;623000.00;7
2;1;2;1;65.79;625753.14;7
2;2;3;1;78.00;623409.71;7
2;1;2;2;72.31;625000.00;7
3;1;2;2;110.06;625000.00;7
2;2;3;1;75.00;628033.70;7
2;1;2;2;62.95;628975.00;7
2;1;2;1;72.31;629000.00;7
2;1;2;1;65.79;625753.14;7
2;1;1;1;69.69;630000.00;7
2;2;2;2;107.77;630000.00;7
3;1;1;2;107.57;630000.00;7
3;1;1;1;103.00;630085.00;7
2;1;2;1;70.05;629077.78;7
2;1;2;1;76.00;632000.00;7
2;1;2;1;80.04;632113.00;7
3;1;2;2;81.92;632522.74;7
2;1;2;1;72.00;640000.00;7
3;1;2;1;138.20;650000.00;7
2;2;1;1;77.50;639548.00;7
2;1;2;4;108.51;640000.00;7
3;0;2;2;122.00;640000.00;7
2;1;2;2;72.43;640000.00;7
2;1;2;2;141.80;642785.52;7
2;1;2;1;85.85;643875.00;7
2;2;3;1;82.72;650000.00;7
3;1;1;2;90.33;646109.84;7
3;1;2;2;94.70;646400.00;7
2;1;1;1;63.32;647319.95;7
2;2;2;1;70.88;648676.75;7
1;1;1;0;49.00;609907.00;7
3;1;3;0;126.11;619000.00;7
1;1;2;0;64.00;619000.00;7
2;2;2;0;105.38;621277.25;7
2;1;1;0;75.35;625963.00;7
3;1;2;2;91.00;649671.00;7
3;1;1;1;93.86;650000.00;7
2;2;2;0;105.42;633465.25;7
3;1;1;0;97.00;650000.00;7
2;2;2;2;117.00;650000.00;7
3;1;1;2;220.00;650000.00;7
2;1;1;2;92.68;650000.00;7
3;1;2;2;175.43;650000.00;7
2;2;3;1;67.06;653210.00;7
2;2;3;1;70.00;654192.00;7
2;1;1;1;79.00;656300.00;7
2;2;3;1;72.72;650000.00;7
2;1;2;1;65.79;651925.31;7
2;1;2;2;96.68;659000.00;7
3;1;2;2;126.11;659000.00;7
2;1;2;1;65.79;651925.31;7
2;1;2;1;71.00;669964.81;7
2;2;2;1;115.03;664000.00;7
2;0;2;2;86.00;664000.00;7
3;1;2;2;109.91;670000.00;7
2;1;2;1;57.07;666500.00;7
2;2;2;2;76.00;667800.00;7
3;1;1;1;128.13;668558.38;7
2;1;2;1;71.11;670983.64;7
3;1;2;2;113.75;670000.00;7
3;1;2;2;99.70;675000.00;7
2;2;2;1;76.55;670000.00;7
2;1;2;1;65.79;678097.47;7
2;1;2;2;65.73;670787.00;7
2;1;2;1;65.79;678097.47;7
2;2;3;1;72.09;680000.00;7
2;1;1;1;63.32;673474.29;7
3;1;2;1;107.90;674038.83;7
2;2;3;2;97.47;680000.00;7
3;1;2;2;190.30;675000.00;7
2;1;1;1;57.67;677711.00;7
2;0;2;3;119.55;678803.60;7
3;1;2;2;141.00;680000.00;7
2;1;1;1;72.31;680000.00;7
3;1;1;2;131.00;680000.00;7
3;1;2;0;109.00;680000.00;7
2;1;2;1;70.95;682560.78;7
3;1;2;1;100.42;680000.00;7
3;1;1;1;117.00;680065.00;7
2;2;3;1;97.00;687610.40;7
3;2;3;2;144.72;683000.00;7
2;1;2;1;101.00;684000.00;7
2;2;3;1;70.00;685344.00;7
2;1;1;2;65.73;686149.00;7
1;2;2;2;91.50;686250.00;7
2;1;1;1;63.32;686551.46;7
2;1;1;1;68.43;686800.00;7
2;1;2;1;68.10;687228.00;7
3;1;1;2;134.76;687916.51;7
2;2;3;1;87.30;688800.00;7
2;1;2;2;121.74;689000.00;7
2;2;2;2;84.00;689000.00;7
2;1;3;3;139.00;690000.00;7
2;1;1;1;108.00;690000.00;7
2;1;2;2;71.95;690000.00;7
3;1;2;1;113.34;690000.00;7
2;1;1;1;77.49;690000.00;7
3;1;1;0;134.59;650000.00;7
1;1;2;0;62.00;661000.00;7
3;1;1;0;109.17;665256.73;7
2;1;1;0;98.09;680000.00;7
3;1;2;0;141.45;690000.00;7
2;1;1;1;121.43;667865.00;7
2;2;3;2;91.06;695700.00;7
2;2;1;1;108.58;690000.00;7
3;1;3;3;145.00;690000.00;7
3;1;2;1;113.34;690000.00;7
3;1;1;1;112.43;690000.00;7
2;2;3;1;80.00;690466.45;7
3;1;2;1;141.00;692000.00;7
2;1;2;1;70.67;692786.65;7
2;1;1;1;66.69;693706.40;7
2;2;2;1;89.00;694500.00;7
3;1;1;2;86.41;694829.63;7
2;1;2;1;71.00;698638.31;7
2;1;2;1;65.20;698324.00;7
2;2;3;1;120.00;699000.00;7
3;1;2;1;177.00;699100.00;7
3;1;2;2;116.77;700000.00;7
3;1;2;2;117.23;700000.00;7
3;1;2;3;156.14;700000.00;7
2;2;2;2;107.77;700000.00;7
2;1;2;2;65.64;704426.14;8
2;2;3;1;88.10;704688.00;8
3;1;2;3;113.00;705000.00;8
3;3;4;2;119.00;698800.00;7
2;2;2;3;94.32;707400.00;8
3;1;2;1;86.75;707926.93;8
2;2;2;1;94.60;709500.00;8
2;1;1;1;89.32;710000.00;8
1;1;1;1;67.54;710000.00;8
2;2;3;1;87.00;711800.00;8
3;3;4;2;110.50;698800.00;7
1;1;1;1;57.00;715565.00;8
3;1;1;2;86.41;715648.58;8
3;1;2;2;122.00;717000.00;8
2;2;1;1;75.00;718622.00;8
2;2;2;1;70.16;719000.00;8
2;1;1;1;67.99;719164.00;8
3;1;3;1;156.00;720000.00;8
3;1;2;2;136.46;720000.00;8
2;2;3;1;80.24;721015.16;8
2;1;1;1;66.69;721179.92;8
2;1;1;1;63.00;721198.00;8
3;1;1;2;291.60;724500.00;8
3;1;3;2;190.91;725000.00;8
2;2;2;1;89.00;726000.00;8
2;1;2;1;71.11;699688.80;7
2;1;2;1;82.00;730000.00;8
3;1;3;1;204.00;730000.00;8
2;1;2;1;88.46;730000.00;8
3;1;2;1;124.00;730000.00;8
3;1;2;2;180.92;700000.00;7
3;1;3;2;78.22;730912.00;8
3;1;2;1;80.11;732751.56;8
3;1;2;1;89.00;733817.67;8
2;1;2;4;113.35;735000.00;8
3;2;3;2;102.00;700000.00;7
2;0;1;0;57.97;736219.00;8
3;3;4;1;99.38;700000.00;7
3;1;2;2;1099300.00;738840.00;8
3;1;3;2;149.71;739000.00;8
3;2;3;2;106.28;705000.00;8
3;1;2;0;128.16;719252.88;8
2;1;2;0;72.31;730000.00;8
3;1;2;2;97.47;740000.00;8
1;1;1;1;70.00;775000.00;8
3;1;2;2;110.00;740000.00;8
2;2;3;1;85.19;740000.00;8
2;1;2;2;71.40;740779.39;8
3;1;2;2;145.00;744450.00;8
3;1;1;1;82.00;745000.00;8
3;1;2;1;82.00;745000.00;8
3;1;1;2;91.58;747458.58;8
2;1;2;1;89.00;748500.00;8
3;1;2;2;104.52;748846.00;8
3;1;2;2;89.88;749000.00;8
3;1;2;1;190.00;749100.00;8
2;1;2;1;89.00;750000.00;8
2;1;1;1;69.73;750000.00;8
2;1;1;1;73.27;750000.00;8
3;1;2;1;72.66;750000.00;8
3;3;3;2;108.67;750000.00;8
2;1;2;1;67.55;750000.00;8
3;1;2;2;158.26;750000.00;8
3;1;2;2;134.00;750000.00;8
2;1;2;1;70.89;750000.00;8
3;1;2;1;118.00;750000.00;8
2;1;2;1;67.55;750000.00;8
3;1;2;2;97.47;740000.00;8
2;1;1;2;137.00;754215.00;8
3;1;2;3;179.00;754900.00;8
3;2;1;1;117.00;755001.87;8
3;1;2;2;96.00;758000.00;8
3;3;2;3;97.00;759000.00;8
2;1;1;1;152.00;759000.00;8
3;1;1;1;72.00;759099.00;8
3;1;1;2;182.00;760000.00;8
2;1;2;1;89.00;762500.00;8
3;1;2;2;149.67;746580.00;8
3;3;2;2;108.38;765000.00;8
3;3;2;2;108.38;765000.00;8
3;1;2;2;149.83;749975.00;8
3;1;2;2;201.00;767100.00;8
3;1;2;2;124.71;769000.00;8
2;1;1;1;83.29;769000.00;8
2;1;2;1;80.30;769000.00;8
3;1;2;2;94.61;769503.92;8
3;1;2;2;94.00;769705.00;8
3;1;2;1;82.34;770000.00;8
4;1;3;2;246.06;770000.00;8
3;1;2;2;183.00;770385.00;8
3;0;2;2;89.06;773800.00;8
3;1;3;2;80.62;774315.00;8
3;3;4;2;129.00;776274.56;8
2;2;3;1;124.55;770056.00;8
2;1;2;1;76.16;780000.00;8
3;1;3;2;182.53;780000.00;8
3;1;1;1;105.76;780000.00;8
3;1;3;2;113.27;783897.72;8
3;1;2;3;127.49;784000.00;8
2;1;2;3;113.35;785000.00;8
3;1;1;2;91.58;787226.48;8
2;1;1;1;65.15;790000.00;8
4;1;1;3;231.00;790000.00;8
2;1;2;1;70.47;790000.00;8
2;1;1;1;72.78;790000.00;8
3;3;1;3;125.00;790000.00;8
3;1;2;2;94.00;777989.00;8
1;1;2;0;63.00;744000.00;8
3;1;2;0;92.00;750000.00;8
3;1;2;0;96.18;770000.00;8
3;1;2;0;685.00;770056.00;8
2;2;2;1;88.78;790100.00;8
3;1;1;2;176.34;790955.52;8
2;1;2;2;118.83;792000.00;8
2;1;1;1;63.88;792858.86;8
1;1;1;1;56.89;794700.00;8
3;0;1;0;101.00;795000.00;8
2;1;2;2;73.88;795000.00;8
2;1;1;1;79.79;795000.00;8
3;1;3;2;113.27;795261.85;8
1;1;1;1;66.00;800000.00;8
2;2;3;1;81.77;798101.64;8
2;2;2;1;80.00;799000.00;8
3;3;3;2;97.00;800000.00;8
1;1;1;1;52.00;800000.00;8
1;1;2;1;69.43;800000.00;8
1;1;2;1;69.04;800000.00;8
3;1;1;1;113.82;800000.00;8
3;1;2;2;1099300.00;801887.68;9
3;2;2;2;109.00;802700.00;9
2;2;2;1;90.64;803173.26;9
3;3;4;2;110.00;805600.38;9
3;3;4;2;136.27;807790.00;9
3;1;2;2;114.00;808000.00;9
3;3;4;2;117.00;809000.00;9
3;3;4;2;114.00;809000.00;9
3;1;2;1;68.71;809700.00;9
2;1;1;1;73.16;810000.00;9
3;3;4;2;216.78;810335.06;9
3;3;4;2;154.00;798800.00;8
3;3;4;2;114.00;815000.00;9
2;2;2;1;67.71;817000.00;9
3;3;4;2;117.00;819000.00;9
2;2;2;1;70.16;819000.00;9
3;1;1;1;79.00;819807.00;9
3;1;1;2;88.42;820000.00;9
3;3;3;2;175.00;822982.00;9
2;1;2;1;78.11;825000.00;9
2;1;2;1;65.99;804302.81;9
2;1;1;1;83.00;827748.02;9
2;1;2;2;105.89;828204.00;9
3;1;2;2;99.00;829000.00;9
3;1;2;2;82.78;829190.00;9
3;1;4;2;180.00;830000.00;9
3;2;1;1;129.84;830000.00;9
3;1;1;1;109.00;830000.00;9
2;1;1;2;145.00;830544.00;9
2;1;2;1;139.83;831798.33;9
1;0;1;1;57.25;833472.00;9
3;1;2;2;180.00;834750.00;9
3;1;3;2;81.62;834776.00;9
2;1;2;1;65.61;804302.81;9
1;2;2;2;111.81;838575.00;9
2;1;2;1;84.79;839000.00;9
3;2;3;2;113.00;807286.00;9
3;3;4;2;166.47;841000.00;9
3;2;3;2;102.00;813122.00;9
3;1;2;2;110.95;842817.00;9
3;1;1;2;97.00;843748.00;9
2;1;2;2;132.60;844000.00;9
2;1;1;1;72.12;844340.84;9
2;1;1;1;72.12;844340.84;9
3;1;2;1;110.00;830000.00;9
3;1;1;1;183.95;844886.37;9
3;3;4;2;179.00;831000.00;9
2;1;1;0;80.31;804598.00;9
3;2;3;0;123.00;810000.00;9
3;1;2;0;78.00;810000.00;9
2;1;1;0;80.06;819415.00;9
3;1;2;0;71.54;820000.00;9
2;1;2;0;106.00;839733.00;9
2;2;3;2;92.00;845000.00;9
3;2;3;2;83.00;846093.00;9
3;3;4;2;110.00;846500.00;9
3;3;4;2;112.90;849000.00;9
2;1;2;1;176.30;849000.00;9
2;1;2;1;75.94;850000.00;9
2;1;2;1;85.00;850000.00;9
3;1;2;2;131.93;850000.00;9
2;1;2;1;120.00;850000.00;9
4;0;2;3;227.00;850000.00;9
3;1;2;3;75.86;850000.00;9
2;1;2;1;97.00;850000.00;9
3;1;2;2;191.00;845000.00;9
2;1;1;1;200.00;850000.00;9
4;0;3;6;330.00;850000.00;9
3;1;2;2;138.00;850000.00;9
3;1;2;2;171.91;850000.00;9
2;2;2;1;88.78;851168.00;9
3;3;4;2;119.00;852300.00;9
3;1;2;2;91.00;854750.00;9
1;1;1;1;78.00;857775.48;9
2;2;2;1;88.78;859980.00;9
3;3;4;2;112.95;860000.00;9
2;1;2;1;59.46;860000.00;9
2;2;2;2;86.00;860000.00;9
2;2;2;2;85.19;865000.00;9
2;1;2;1;145.58;866003.01;9
3;2;3;2;123.00;868800.00;9
3;1;1;1;204.60;870000.00;9
3;1;2;2;118.00;870641.69;9
2;2;3;2;92.00;875000.00;9
3;1;2;2;173.27;878950.00;9
3;1;2;2;173.27;878950.00;9
2;1;2;1;65.61;871612.65;9
2;1;2;1;77.08;875000.00;9
3;1;2;2;134.15;880000.00;9
2;2;2;2;87.00;880000.00;9
2;2;3;1;78.00;879000.00;9
1;1;1;1;43.56;881000.00;9
2;0;1;0;49.00;884000.00;9
2;1;1;2;107.54;886000.00;9
2;1;2;1;62.56;888000.00;9
3;1;2;2;92.00;889000.00;9
2;2;2;2;114.00;889000.00;9
3;3;3;2;129.60;889000.00;9
3;1;1;2;110.97;890000.00;9
3;1;2;4;104.88;890000.00;9
3;1;2;2;105.96;890000.00;9
2;1;2;1;83.33;890000.00;9
2;1;1;1;123.46;890000.00;9
3;1;4;2;215000.00;890000.00;9
3;1;1;1;103.25;890000.00;9
3;1;3;4;211.43;890000.00;9
3;1;3;2;169.40;890000.00;9
2;1;2;1;77.94;890000.00;9
3;1;2;2;97.00;890000.00;9
2;1;2;2;110.00;890000.00;9
3;1;2;3;140.00;890000.00;9
2;2;3;1;90.64;890000.00;9
4;1;3;2;147.00;890048.00;9
2;1;1;1;73.00;890099.93;9
3;1;1;2;102.00;890496.00;9
4;4;3;4;153.46;892112.13;9
3;1;2;2;188.46;894131.14;9
3;1;2;2;122.00;880000.00;9
3;1;2;0;71.54;890000.00;9
3;1;2;0;71.54;890000.00;9
3;1;2;0;71.54;890000.00;9
3;1;2;0;71.54;890000.00;9
3;1;2;0;71.54;890000.00;9
1;1;1;1;92.92;858610.00;9
3;1;2;2;123.00;895000.00;9
3;1;3;2;240.00;895000.00;9
2;1;2;1;65.79;897761.03;9
3;2;2;2;84.49;895991.79;9
2;1;2;1;65.61;907188.68;10
4;1;3;4;330.00;898000.00;9
4;1;3;4;330.00;898000.00;9
4;1;3;4;330.00;898000.00;9
3;1;3;2;103.00;898000.00;9
4;1;3;4;330.00;898000.00;9
4;1;3;4;330.00;898000.00;9
3;3;3;2;115.72;898000.00;9
3;3;4;2;131.00;899000.00;9
2;1;2;1;65.79;907188.68;10
2;1;2;1;97.00;900000.00;9
3;1;3;2;97.32;900000.00;9
3;1;2;2;100.00;900000.00;9
3;1;2;2;143.74;900000.00;9
3;1;4;2;220.40;900000.00;9
3;1;1;2;110.00;900000.00;9
3;1;2;2;105.00;900000.00;9
3;1;1;2;87.00;900000.00;9
1;1;1;2;75.00;900000.00;9
2;1;2;1;77.08;918750.00;10
2;1;2;2;114.09;902371.98;10
3;1;1;2;83.47;903011.51;10
3;3;1;2;104.00;906379.00;10
2;1;2;2;74.43;907390.42;10
2;1;2;2;70.04;913584.00;10
2;1;1;1;84.00;916000.00;10
2;1;1;2;107.54;916000.00;10
3;0;2;2;119.00;919000.00;10
2;2;2;1;68.31;919000.00;10
2;1;2;1;61.00;920000.00;10
3;2;3;0;171.26;920288.69;10
30000;100;3;2;180.00;922500.00;10
2;1;2;2;114.36;922974.00;10
3;3;4;2;114.50;925000.00;10
3;1;1;1;84.00;927223.00;10
3;3;3;2;129.34;929000.00;10
3;3;4;2;125.63;930000.00;10
3;3;4;4;186.00;935000.00;10
3;3;4;2;120.00;935863.00;10
2;1;2;2;134.06;936000.00;10
3;2;3;2;101.93;927180.00;10
3;3;4;2;116.20;940000.00;10
3;0;2;1;100.00;940000.00;10
2;1;2;1;65.03;934522.49;10
2;1;2;2;83.71;941480.59;10
2;1;1;1;108.99;942467.25;10
4;4;5;3;145.73;945000.00;10
4;4;5;0;168.00;939000.00;10
2;2;3;1;75.69;958000.00;10
2;1;2;1;77.08;964687.00;10
2;0;2;0;154.75;898151.55;9
3;3;3;3;165.34;950000.00;10
3;3;4;4;186.00;950000.00;10
3;1;3;2;125.00;950000.00;10
3;3;4;4;186.00;950000.00;10
3;3;4;2;125.00;950000.00;10
3;3;3;2;126.10;950000.00;10
3;0;1;3;138.00;950000.00;10
2;2;2;2;84.96;950000.00;10
3;1;1;2;110.00;950000.00;10
2;1;4;3;180.00;953260.00;10
3;1;2;0;108.90;919000.00;10
2;1;1;1;64.00;964000.00;10
3;1;3;1;97.32;964494.00;10
2;1;2;0;52.00;928100.00;10
3;3;4;2;116.20;965000.00;10
3;3;4;2;173.36;965000.00;10
1;1;1;1;82.00;990000.00;10
3;3;4;3;127.00;968179.59;10
3;3;4;2;127.00;968179.59;10
3;3;4;2;128.00;970000.00;10
2;2;2;1;69.92;975000.00;10
3;3;3;2;12314.00;976366.31;10
2;1;2;3;264.00;977199.00;10
2;1;2;1;75.68;978540.00;10
3;1;4;2;198.00;980000.00;10
3;3;3;2;130.52;980000.00;10
3;2;4;8;255.00;980000.00;10
3;3;3;3;146.00;980000.00;10
3;1;2;2;100.00;980000.00;10
2;1;2;1;86.39;986500.00;10
3;3;4;1;94.00;990000.00;10
4;2;2;2;230.00;990000.00;10
2;1;2;1;83.00;990000.00;10
2;1;2;1;112.00;990000.00;10
3;1;2;1;103.00;990000.00;10
2;2;2;1;90.15;990000.00;10
3;3;4;4;195.00;990000.00;10
2;1;2;1;77.00;990000.00;10
3;1;1;1;179.00;995000.00;10
3;3;3;2;170.78;998000.00;10
3;1;1;2;176.05;998923.73;10
2;0;0;1;82.35;1000000.00;10
3;3;3;2;170.15;1000000.00;10
3;3;3;3;141.00;1000000.00;10
3;3;3;2;132.00;1000000.00;10
3;1;3;1;126.00;1000000.00;10
3;3;3;2;121.00;1000000.00;10
2;2;3;1;86.30;970000.00;10
4;2;3;2;252.00;1000000.00;10
3;1;2;2;106.67;1000000.00;10
3;3;4;2;126.00;1000000.00;10
3;3;3;3;137.00;1001049.00;11
3;1;2;4;254.09;1003000.00;11
3;1;2;2;221.42;1004822.40;11
2;2;2;1;67.35;1009000.00;11
3;1;2;2;178.00;1010590.00;11
3;3;3;3;159.48;1016316.00;11
3;3;3;2;170.78;1020000.00;11
3;2;1;2;62.58;1021001.00;11
2;1;2;3;220.40;1032000.00;11
3;1;3;1;116.00;1034000.00;11
3;1;2;2;102.00;1037479.00;11
3;1;3;2;117.54;1040375.00;11
2;2;3;1;86.30;970000.00;10
3;1;2;2;137.00;980000.00;10
3;3;3;3;207.00;1050000.00;11
2;1;2;2;94.00;1050000.00;11
3;3;3;2;111.75;1050000.00;11
3;1;2;2;196.00;1050000.00;11
3;1;2;2;107.58;1051422.37;11
3;1;2;1;1.16;1055000.00;11
2;1;1;1;79.00;1060000.00;11
3;1;2;2;198.30;1060000.00;11
4;4;5;3;145.00;984000.00;10
3;1;1;0;224.00;995000.00;10
3;1;1;0;148.50;999000.00;10
3;1;2;0;1133.75;970000.00;10
3;1;1;0;102.84;1000000.00;10
3;2;3;0;143.00;1004000.00;11
3;3;3;2;170.78;1060000.00;11
3;3;3;2;170.15;1062000.00;11
2;1;2;1;77.08;1063567.00;11
3;3;3;3;138.00;1065239.00;11
3;3;4;2;131.80;1067611.29;11
3;3;3;2;170.15;1068000.00;11
3;1;3;1;150.00;1070000.00;11
3;3;3;2;170.78;1072000.00;11
3;3;3;2;170.15;1074000.00;11
3;2;3;2;125.00;1075570.00;11
2;1;2;1;80.12;1078629.09;11
3;3;3;2;120.59;1080000.00;11
2;2;2;0;81.00;1080000.00;11
3;3;3;3;130.00;1080000.00;11
3;3;4;2;12965.00;1080266.39;11
3;3;3;2;170.78;1084000.00;11
4;4;5;3;145.89;1085000.00;11
4;4;5;3;145.89;1085000.00;11
3;3;3;2;170.15;1086000.00;11
2;2;2;1;82.40;1087020.00;11
3;3;4;1;181.00;1080000.00;11
2;1;2;2;375.86;1093971.51;11
3;3;3;2;132.76;1095818.04;11
3;0;2;3;139.00;1098000.00;11
3;1;2;2;120.00;1098000.00;11
3;3;4;2;195.87;1099900.00;11
4;4;2;1;256.07;1100000.00;11
3;3;3;3;149.00;1100000.00;11
2;1;2;1;97.63;1102500.00;11
3;3;4;3;279.86;1100000.00;11
3;1;2;2;115.45;1100000.00;11
3;3;4;2;131.00;1100000.00;11
3;1;2;2;129.97;1100000.00;11
2;2;2;2;107.43;1100000.00;11
3;1;2;2;118.93;1100000.00;11
2;2;2;1;119.48;1102234.05;11
2;2;2;1;84.20;1106550.00;11
3;1;2;3;123.95;1108392.98;11
3;1;2;2;98.29;1109000.00;11
3;3;4;3;177.09;1110000.00;11
3;2;1;3;223.00;1111774.00;11
3;3;3;3;160.45;1114416.00;11
2;1;2;2;103.47;1117000.00;11
3;1;2;3;128.97;1117663.00;11
3;3;3;2;94.58;1120000.00;11
2;1;2;1;77.08;1116746.00;11
3;3;4;3;124.91;1133088.00;11
3;3;4;3;128.73;1135237.00;11
2;1;2;1;105.25;1120975.06;11
2;1;2;1;181.96;1150000.00;11
3;1;2;2;133.52;1140000.00;11
3;1;1;2;138.58;1140060.00;11
3;3;4;2;130.00;1150000.00;11
2;1;1;2;104.00;1143701.31;11
3;1;1;1;94.13;1144000.00;11
3;2;3;2;220.00;1150000.00;11
3;1;2;2;22200.00;1150000.00;11
3;3;4;2;130.20;1150000.00;11
3;3;4;3;140.49;1150000.00;11
3;2;3;3;239.95;1150000.00;11
3;2;4;2;131.00;1150000.00;11
4;4;3;2;156.94;1150000.00;11
4;2;3;0;215.00;1100000.00;11
5;2;2;0;256.24;1114851.20;11
3;1;2;0;86.00;1150000.00;11
2;1;2;1;107.42;1070000.00;11
3;3;3;2;91.00;1154900.00;11
2;2;3;2;91.89;1159900.00;11
4;4;5;3;150.00;1177000.00;11
4;4;4;3;161.22;1157000.00;11
3;1;3;2;87.20;1158360.00;11
3;1;2;2;109.55;1166378.00;11
2;1;2;1;77.35;1166450.00;11
3;2;3;4;147.93;1170000.00;11
2;2;2;2;90.00;1170000.00;11
3;3;5;2;203.00;1170000.00;11
2;1;2;2;99.18;1173958.00;11
3;3;4;3;131.28;1178485.00;11
2;1;2;2;99.02;1178814.00;11
3;3;4;1;161.31;1190000.00;11
3;3;4;3;168.00;1180000.00;11
3;3;4;2;154.35;1190000.00;11
3;1;2;2;114.00;1182123.80;11
3;1;2;2;85.78;1185000.00;11
3;2;3;2;200.00;1187000.00;11
3;1;2;2;100.00;1190000.00;11
3;3;3;2;136.35;1190000.00;11
2;1;2;1;82.52;1195000.00;11
3;1;3;3;254.00;1196000.00;11
2;1;1;1;84.00;1200000.00;11
3;1;2;2;154.00;1200000.00;11
2;1;2;2;3870.99;1200000.00;11
2;2;2;2;104.08;1200000.00;11
3;3;4;2;154.00;1190000.00;11
3;3;1;2;280.00;1200000.00;11
3;3;3;3;140.00;1200000.00;11
3;3;4;2;270.00;1200000.00;11
3;1;2;4;194.45;1200000.00;11
3;3;5;4;256.00;1200000.00;11
3;3;3;3;138.23;1200000.00;11
3;3;4;2;118.53;1202249.79;11
3;1;2;2;190.00;1205000.00;11
2;1;2;1;73.00;1205272.00;11
3;1;2;2;179.40;1215000.00;11
3;3;4;3;139.86;1195000.00;11
3;1;3;0;323.00;1226100.00;11
2;2;2;1;78.56;1231000.00;11
2;3;2;4;2131.23;1231232.13;11
2;2;2;2;79.90;1232482.94;11
3;1;2;2;108.54;1237000.00;11
3;1;2;1;102.45;1240000.00;11
4;4;5;1;113.00;1196000.00;11
3;1;2;1;108.44;1241583.00;11
2;2;2;1;134.91;1242880.45;11
3;2;1;2;215.00;1250000.00;11
2;1;1;1;157.21;1256736.61;11
2;2;2;1;139.46;1256996.92;11
3;3;4;2;114.00;1259000.00;11
3;3;4;2;321.05;1260000.00;11
3;3;4;2;114.57;1268000.00;11
3;1;1;2;254.30;1271873.03;11
3;2;1;0;253.74;1202850.00;11
1;1;2;0;113.00;1211000.00;11
2;1;2;1;99.04;1273508.00;11
3;1;2;2;114.00;1277953.50;11
2;1;1;1;124.35;1280000.00;11
2;1;1;1;131.45;1280000.00;11
3;1;2;1;168.00;1297000.00;11
3;1;3;2;133.46;1298000.00;11
2;2;3;2;88.48;1298882.00;11
3;1;1;2;177.00;1299000.00;11
1;2;4;2;120.00;1300000.00;11
3;0;2;2;21900.00;1300000.00;11
3;3;3;2;131.00;1300000.00;11
4;4;4;3;175.53;1300000.00;11
4;1;3;3;290.00;1300000.00;11
3;3;4;2;122.18;1301235.33;11
3;1;2;3;141.93;1310000.00;11
3;1;2;3;141.93;1310000.00;11
3;3;5;3;258.00;1312785.89;11
3;1;2;4;265.83;1319000.00;11
2;1;1;1;123.35;1344069.91;11
3;3;3;2;175.60;1345800.00;11
3;3;3;3;166.00;1349000.00;11
3;3;4;4;182.52;1350000.00;11
4;4;4;3;207.00;1350000.00;11
3;1;1;1;105.36;1350000.00;11
2;1;1;1;83.37;1350000.00;11
2;2;2;2;141.01;1354480.00;11
3;3;4;3;167.00;1359465.60;11
3;3;4;2;170.00;1359465.60;11
3;3;4;2;114.00;1360000.00;11
2;1;1;1;130.09;1360399.79;11
2;2;2;1;151.17;1362613.73;11
3;3;4;4;161.00;1364000.00;11
4;4;6;4;258.00;1367485.30;11
3;1;2;2;204.50;1370000.00;11
3;3;5;3;172.00;1370000.00;11
1;1;2;2;76.24;1372000.00;11
3;3;3;4;184.00;1380000.00;11
3;3;4;2;123.73;1380000.00;11
2;1;2;1;97.63;1276281.00;11
3;1;2;3;231.00;1385000.00;11
3;1;2;1;130.00;1387000.00;11
3;1;2;1;108.47;1390000.00;11
3;1;1;2;89.86;1390000.00;11
2;1;2;1;194.00;1390000.00;11
4;2;4;2;132.55;1390000.00;11
4;2;4;2;132.55;1390000.00;11
4;2;4;2;132.55;1390000.00;11
3;1;1;2;113.20;1392245.84;11
3;1;2;2;162.53;1393000.00;11
3;3;4;2;140.15;1394000.00;11
3;0;2;2;228.00;1395000.00;11
3;1;1;1;103.61;1399000.00;11
1;1;2;2;183.62;1399581.02;11
3;1;2;0;123.95;1277330.20;11
3;1;2;0;126.44;1300000.00;11
3;1;1;0;320.00;1362000.00;11
4;4;4;2;225.04;1400000.00;11
4;4;4;3;160.39;1400000.00;11
4;4;5;3;176.00;1400000.00;11
3;3;4;3;140.00;1400000.00;11
2;2;3;1;93.11;1400000.00;11
3;1;2;3;327.91;1400942.00;11
4;4;4;2;225.04;1406000.00;11
4;4;5;3;162.33;1409000.00;11
3;3;3;22;99.98;1415000.00;11
2;2;2;1;157.24;1417279.68;11
3;2;2;3;227.62;1420000.00;11
3;3;3;3;199.00;1420000.00;11
3;2;3;2;108.54;1421528.64;11
2;1;2;2;83.30;1422187.63;11
3;3;3;2;99.51;1423000.00;11
2;2;3;1;77.00;1403000.98;11
4;1;1;2;172.90;1430000.00;11
2;1;2;1;97.63;1407100.00;11
3;3;4;2;151.12;1420000.00;11
3;1;3;2;167.00;1446640.00;11
4;4;5;3;160.00;1450000.00;11
3;3;5;3;205.00;1450000.00;11
3;2;3;1;153.00;1450000.00;11
3;1;1;5;327.00;1450000.00;11
3;1;3;1;177.00;1450500.00;11
3;3;4;4;184.71;1464000.00;11
3;1;2;2;152.96;1467000.00;11
3;3;3;2;131.52;1470000.00;11
3;1;2;2;225.78;1480000.00;11
2;2;2;2;104.00;1482658.50;11
3;1;2;2;143.84;1484000.00;11
3;1;2;2;143.84;1485000.00;11
3;1;1;2;145.60;1485788.96;11
4;4;5;3;180.22;1489000.00;11
4;1;1;2;140.00;1490000.00;11
3;3;2;3;232.81;1490000.00;11
3;1;2;1;120.00;1490000.00;11
3;1;2;1;130.00;1490000.00;11
3;1;2;2;152.96;1491000.00;11
2;2;2;1;92.00;1494000.00;11
1;1;1;1;87.46;1494200.00;11
3;3;3;3;193.00;1495000.00;11
3;1;2;2;142.60;1498000.00;11
3;1;2;2;159.46;1498000.00;11
3;1;2;2;142.60;1498000.00;11
3;1;2;2;141.10;1498000.00;11
3;1;2;2;152.96;1498000.00;11
3;1;2;2;162.61;1498000.00;11
3;1;2;2;141.10;1498000.00;11
3;1;2;2;143.84;1498000.00;11
4;1;3;2;223.00;1499000.00;11
3;3;1;4;273.00;1499900.00;11
3;3;4;2;150.00;1500000.00;11
2;2;3;1;94.53;1500000.00;11
3;1;3;1;92.28;1500000.00;11
2;2;3;1;99.25;1500000.00;11
2;2;3;1;92.59;1500000.00;11
2;2;3;1;95.66;1500000.00;11
2;2;3;1;93.00;1422036.00;11
3;1;1;1;94.13;1500000.00;11
3;3;5;3;209.00;1500000.00;11
3;3;5;3;209.00;1500000.00;11
3;1;2;2;143.83;1511000.00;12
4;3;1;1;178.24;1514000.00;12
3;2;3;2;138.00;1514519.00;12
3;3;4;4;189.35;1520000.00;12
3;1;2;2;143.83;1523000.00;12
3;1;3;0;96.00;1471000.00;11
1;1;2;0;115.00;1523000.00;12
2;1;2;0;148.00;1529000.00;12
3;1;3;2;154.99;1470000.00;11
3;3;3;2;132.00;1537000.00;12
3;1;2;2;141.10;1537000.00;12
3;1;2;2;224.00;1617000.00;12
3;1;2;2;141.10;1551000.00;12
3;1;2;2;142.60;1559000.00;12
3;3;3;2;195.28;1562395.83;12
3;0;2;2;240.25;1570000.00;12
3;3;3;2;210.00;1571000.00;12
3;1;2;2;142.60;1574000.00;12
4;1;4;2;243.00;1575000.00;12
3;3;4;2;171.00;1576000.00;12
2;2;3;2;104.00;1630000.00;12
3;1;2;2;143.83;1579000.00;12
4;2;5;3;142.51;1580363.00;12
2;2;2;0;140.00;1583580.27;12
4;1;3;2;173.47;1587754.00;12
3;0;2;3;182.19;1588000.00;12
3;3;4;2;171.00;1588000.00;12
3;1;2;2;143.83;1589000.00;12
3;1;2;2;152.96;1589000.00;12
4;2;2;4;160.47;1590000.00;12
2;1;1;1;201.00;1590000.00;12
4;1;2;2;299.00;1590000.00;12
3;3;4;2;188.00;1590000.00;12
3;3;4;3;197.00;1590000.00;12
3;3;4;3;154.80;1590000.00;12
3;1;1;2;109.44;1590000.00;12
4;4;5;4;198.00;1599000.00;12
4;4;5;4;375.00;1600000.00;12
2;1;2;2;178.90;1600000.00;12
4;2;5;3;139.90;1612790.00;12
4;2;5;3;139.90;1612790.00;12
3;1;2;2;114.53;1690000.00;12
3;3;4;2;171.00;1616000.00;12
3;1;2;2;159.33;1621000.00;12
3;1;1;2;210.54;1627567.00;12
2;2;3;2;81.19;1637000.00;12
2;1;2;2;98.40;1641000.00;12
2;2;2;1;83.00;1645184.00;12
2;2;3;3;107.70;1690000.00;12
2;2;3;1;98.34;1650000.00;12
2;2;3;1;101.02;1650000.00;12
3;3;4;2;171.00;1657000.00;12
2;2;2;1;93.59;1662210.00;12
3;1;2;2;154.83;1664000.00;12
2;3;3;2;162.53;1671764.53;12
3;2;3;4;280.87;1693440.00;12
2;1;1;2;149.00;1675000.00;12
3;1;2;2;128.29;1688000.00;12
3;1;2;2;142.60;1689000.00;12
3;1;1;2;110.31;1690000.00;12
3;2;4;1;148.00;1690000.00;12
1;1;2;3;318.19;1699824.70;12
4;2;3;3;258.13;1700000.00;12
3;2;5;3;545.37;1700000.00;12
2;1;2;2;120.00;1700000.00;12
3;3;4;3;186.01;1701626.00;12
3;1;2;1;103.00;1716882.00;12
3;2;4;3;164.72;1717300.00;12
3;3;3;2;162.29;1717366.04;12
3;1;2;2;143.83;1736000.00;12
4;1;2;2;130.26;1739693.34;12
2;2;3;2;125.00;1750000.00;12
4;2;1;2;233.00;1750000.00;12
3;3;3;2;149.00;1750010.92;12
4;2;1;2;131.95;1755390.00;12
3;1;2;2;143.83;1762000.00;12
3;1;2;2;142.60;1762000.00;12
4;2;3;0;174.00;1680000.00;12
3;2;3;0;150.27;1590000.00;12
3;1;1;0;105.23;1690000.00;12
1;1;2;2;97.96;1764000.00;12
3;3;5;4;317.00;1780000.00;12
3;1;2;2;136.00;1790000.00;12
3;2;1;1;276.00;1790000.00;12
3;1;2;2;188.92;1796000.00;12
3;1;2;1;129.00;1800000.00;12
3;3;4;2;129.73;1800000.00;12
3;3;4;2;134.56;1800000.00;12
3;3;4;2;129.73;1800000.00;12
4;4;3;2;300.00;1800000.00;12
3;3;5;4;278.00;1800000.00;12
3;3;4;3;120.19;1820000.00;12
4;4;4;3;185.00;1829000.00;12
3;3;4;3;307.00;1830690.00;12
3;3;4;2;193.00;1833000.00;12
3;1;3;2;185.00;1850000.00;12
2;2;3;2;147.00;1850000.00;12
3;3;4;2;171.00;1862000.00;12
3;1;2;2;89.28;1875000.00;12
3;33;3;2;96.61;1889000.00;12
3;2;1;1;188.14;1890000.00;12
2;1;1;2;129.00;1890000.00;12
4;2;3;2;198.00;1893149.00;12
3;1;2;2;114.00;1897744.20;12
4;4;5;4;172.80;1898000.00;12
3;1;3;2;123.71;1900000.00;12
3;1;1;2;119.00;1900000.00;12
3;3;4;3;222.00;1900000.00;12
3;3;5;4;245.64;1900000.00;12
3;2;4;3;164.72;1920039.90;12
3;1;2;2;212.41;1929000.00;12
4;4;5;3;182.50;1932427.67;12
3;3;4;2;171.00;1935000.00;12
3;1;3;2;158.00;1944470.00;12
3;3;5;4;249.63;1950000.00;12
4;4;6;6;178.00;1950000.00;12
3;3;4;2;128.44;1960000.00;12
2;2;3;1;117.64;1980000.00;12
2;2;3;1;117.64;1980000.00;12
2;2;3;1;117.00;1980000.00;12
3;3;5;4;239.74;1990000.00;12
4;4;5;2;217.00;1790000.00;12
4;2;5;3;147.12;1999680.00;12
4;2;5;3;147.12;1999680.00;12
3;3;3;2;127.00;2000000.00;12
4;2;4;2;300.00;2000000.00;12
3;3;4;2;169.70;2000000.00;12
3;3;2;4;204.00;2000513.00;12
4;4;5;3;200.75;2015555.52;12
4;4;4;2;137.98;2025000.00;12
2;3;3;2;177.82;2064241.98;12
3;3;4;2;193.00;2070500.00;12
3;3;4;3;187.13;2080000.00;12
4;4;5;2;142.91;2090000.00;12
3;1;1;2;212.57;2100000.00;12
4;4;5;3;240.00;2100000.00;12
4;0;0;2;213.00;1953604.00;12
4;4;5;0;150.00;1998000.00;12
3;1;1;0;121.13;2000000.00;12
4;4;4;3;185.00;2107000.00;12
4;4;5;3;185.30;2108156.80;12
4;2;2;2;262.86;2120000.00;12
3;1;5;2;400.00;2120000.00;12
3;3;3;3;149.77;2122012.62;12
3;3;3;3;196.64;2147308.80;12
4;4;4;2;241.37;2150000.00;12
3;2;4;2;193.00;2151000.00;12
4;4;5;2;149.63;2170000.00;12
4;4;5;3;182.50;2172439.63;12
3;3;4;3;128.00;2180000.00;12
3;3;4;2;193.00;2205500.00;12
3;3;5;4;200.00;2238000.00;12
4;3;3;2;149.00;2245912.33;12
3;3;4;3;175.00;2266000.00;12
2;2;3;1;136.27;2280000.00;12
3;1;1;2;183.23;2290000.00;12
4;4;5;2;132.00;2116096.00;12
3;3;4;2;142.00;2300190.00;12
3;3;4;3;140.00;2333000.00;12
3;3;4;2;134.59;2350000.00;12
3;3;3;3;214.27;2386624.97;12
5;5;5;4;754.00;2390000.00;12
3;3;4;2;165.00;2445000.00;12
3;2;3;2;132.00;2480000.00;12
3;3;3;2;159.00;2490000.00;12
4;4;5;1;320.00;2490000.00;12
3;2;3;2;128.95;2492420.00;12
4;4;5;4;270.00;2494019.00;12
3;3;5;5;250.00;2500000.00;12
4;4;6;3;176.71;2500000.00;12
4;2;3;2;257.52;2500000.00;12
4;4;6;3;167.16;2520000.00;12
4;4;4;2;282.36;2550000.00;12
3;2;5;1;137.00;2573200.00;12
2;1;1;2;100.00;2580000.00;12
4;4;5;3;166.00;2598000.00;12
4;4;5;2;174.50;2600716.80;12
3;3;4;3;167.00;2620000.00;12
4;4;3;3;198.00;2699000.00;12
3;3;4;2;147.88;2132440.00;12
4;4;5;3;22400.00;2701199.04;12
3;1;2;2;101.69;2723683.51;12
3;3;4;2;250.00;2727000.00;12
3;1;1;2;235.30;2736888.43;12
3;2;3;2;147.27;2741000.00;12
4;4;5;3;180.00;2745000.00;12
3;3;4;2;353.06;2750000.00;12
3;3;4;2;384.97;2750000.00;12
3;3;5;2;155.56;2794774.00;12
4;4;6;4;239.41;2800000.00;12
2;2;1;4;296.00;2850000.00;12
3;3;3;4;153.46;2850000.00;12
4;4;5;2;163.10;2874580.16;12
4;4;5;2;217.00;2900000.00;12
3;3;4;2;241.94;2175000.00;12
3;2;3;4;325.67;2919105.49;12
3;1;2;2;101.15;2926900.69;12
4;4;5;3;180.00;2950000.00;12
3;3;5;3;322.56;2950000.00;12
3;2;3;1;200.00;2980000.00;12
3;3;4;2;171.11;2980000.00;12
3;3;4;2;192.90;2980000.00;12
4;4;5;0;251.50;2798000.00;12
4;1;1;0;260.58;2800000.00;12
4;4;5;4;196.00;2985000.00;12
3;2;3;4;333.24;2986929.57;12
4;4;6;3;504.08;2990000.00;12
4;4;1;3;296.39;3000000.00;12
3;1;2;2;101.69;3003924.40;12
3;1;2;4;294.45;3005600.00;12
3;2;3;4;341.22;3058457.41;12
3;3;5;4;176.00;3135400.00;12
3;2;5;3;192.60;3165558.00;12
3;3;5;2;429.19;3200000.00;12
4;4;5;3;210.00;3100000.00;12
4;4;6;4;280.00;3206000.00;12
4;4;4;3;251.91;3286350.00;12
4;4;5;4;207.00;3100000.00;12
4;4;5;2;166.95;3122889.00;12
3;1;2;2;104.77;3460564.92;12
3;3;5;2;218.79;3472553.00;12
4;4;5;3;263.53;3500000.00;12
3;3;5;2;218.79;3540821.00;12
3;3;5;2;218.79;3565940.00;12
3;3;5;4;189.00;3661800.00;12
4;4;5;4;210.00;3700000.00;12
3;3;5;2;241.65;3707793.00;12
4;4;4;5;217.00;3772800.00;12
4;4;4;5;231.00;3846900.00;12
3;3;5;2;218.79;3852577.00;12
3;3;5;2;241.65;3875333.00;12
3;3;3;3;208.00;3900000.00;12
3;3;5;2;241.65;3927671.00;12
3;2;5;4;268.00;4060000.00;12
4;3;3;2;168.00;4200000.00;12
5;3;2;3;180.00;4200000.00;12
6;6;7;5;368.00;4200000.00;12
3;3;5;2;206.96;4239626.00;12
5;5;5;4;427.00;4300000.00;12
4;4;5;3;255.75;4380000.00;12
4;4;5;3;260.28;4380000.00;12
4;4;5;4;205.82;4400000.00;12
4;4;4;2;249.64;4400000.00;12
4;3;5;5;352.00;4761000.00;12
3;3;5;2;206.96;4792253.00;12
4;4;6;4;241.79;4800000.00;12
4;2;4;3;392.52;4900000.00;12
4;2;4;3;392.52;4900000.00;12
4;2;4;3;392.52;4900000.00;12
3;3;4;2;266.98;4950000.00;12
4;4;5;5;322.56;3229000.00;12
4;4;5;3;291.97;5100000.00;12
4;4;5;3;296.50;5229000.00;12
3;3;5;3;319.62;5235037.42;12
3;3;5;3;361.76;5567801.03;12
4;4;4;5;275.18;5637000.00;12
3;1;2;2;151.12;5710757.40;12
4;4;4;2;450.00;5800000.00;12
4;4;4;2;450.00;5800000.00;12
4;4;4;2;450.00;5800000.00;12
4;4;4;2;450.00;5800000.00;12
4;4;4;2;450.00;5800000.00;12
4;4;4;2;450.00;5800000.00;12
5;5;5;0;569.33;4500000.00;12
4;4;5;0;200.00;5350000.00;12
4;4;4;2;450.00;5800000.00;12
4;4;2;4;416.48;5900000.00;12
4;4;6;4;241.79;5900000.00;12
5;5;8;5;511.03;6000000.00;12
4;4;5;4;237.00;6100000.00;12
5;5;6;4;481.00;6200000.00;12
3;2;4;4;389.00;6344750.00;12
4;3;4;4;461.64;6900000.00;12
3;3;7;4;76.00;7120953.00;12
4;4;5;4;238.00;7300000.00;12
4;4;5;4;238.00;7400000.00;12
5;3;5;2;500.00;8000000.00;12
5;5;1;4;567.00;8500000.00;12
3;3;3;2;129.86;9290000.00;12
2;0;1;1;0.01;0.01;1
2;0;1;1;53.85;1400.00;1
2;0;1;1;64.00;2300.00;1
2;0;1;1;50.00;100000.00;1
2;0;1;1;43.68;108000.00;2
2;0;1;1;44.78;109900.00;2
2;0;1;1;43.27;109900.00;2
1;0;1;0;24.25;115000.00;2
2;0;1;1;49.00;115100.00;2
1;0;1;1;46.00;120000.00;2
2;0;1;1;43.30;122900.00;2
1;0;1;1;50.00;123200.00;2
2;0;1;1;43.00;123900.00;2
2;0;1;1;44.06;127000.00;2
1;0;1;1;60.36;129688.00;2
1;0;1;1;30.00;129999.00;2
2;0;1;1;43.00;130000.00;2
2;0;1;1;45.10;130000.00;2
2;0;1;1;42.65;133500.00;2
1;0;1;1;19.26;133776.00;2
2;0;1;1;44.00;134990.00;2
2;0;1;1;69.23;135000.00;2
2;0;1;1;49.95;138000.00;2
2;0;1;1;44.00;138990.00;2
2;0;1;1;48.00;139000.00;2
2;0;1;1;49.65;140000.00;2
2;0;1;1;49.65;140000.00;2
2;0;1;1;41.71;140000.00;2
2;0;1;1;48.00;144999.00;2
1;0;1;1;43.00;145000.00;2
2;0;1;1;39.55;148000.00;2
2;0;1;1;45.11;148900.00;2
2;0;2;1;43.00;149000.00;2
2;0;1;1;55.00;149021.00;2
2;0;1;1;47.50;149900.00;2
2;0;1;1;49.02;149900.00;2
2;0;1;1;45.00;150000.00;2
2;0;0;1;58.50;112000.00;2
1;0;0;0;33.00;134900.00;2
1;0;0;1;58.93;144515.00;2
1;0;0;1;33.00;149900.00;2
1;0;1;0;50.00;0.01;1
1;0;1;0;33.72;3871.00;1
1;0;1;0;32.00;20500.00;1
2;0;1;0;45.00;98000.00;1
1;0;1;0;26.40;102000.00;2
2;0;1;0;45.00;119990.00;2
2;0;1;0;46.26;129000.00;2
2;0;1;0;41.00;130000.00;2
2;0;1;1;60.00;150000.00;2
2;0;1;1;60.00;150000.00;2
2;0;1;1;60.00;150000.00;2
1;0;1;1;51.00;150000.00;2
1;0;1;1;29.07;150000.00;2
2;0;1;1;43.41;152000.00;2
2;0;1;1;47.50;152900.00;2
2;0;1;1;46.78;153900.00;2
2;0;1;1;45.10;154900.00;2
2;0;1;1;56.57;156000.00;2
1;0;1;1;44.53;157000.00;2
2;0;1;1;49.00;157000.00;2
1;0;1;1;46.00;159000.00;2
2;0;1;1;48.05;160000.00;2
2;0;1;1;55.00;160000.00;2
2;0;1;1;48.05;160000.00;2
2;0;1;2;48.00;160000.00;2
1;0;1;1;42.40;160021.00;2
1;0;1;1;48.00;164000.00;2
2;0;1;1;51.37;165000.00;2
1;0;1;1;44.49;165000.00;2
2;0;1;1;55.00;165000.00;2
2;0;1;1;47.20;165000.00;2
1;0;1;0;32.57;165000.00;2
1;0;1;1;44.53;165924.76;2
1;0;1;1;54.78;166985.00;2
2;0;1;1;51.13;168046.56;2
2;0;1;1;55.00;169000.00;2
2;0;1;1;47.00;169000.00;2
3;0;1;1;58.05;169900.00;2
1;0;1;1;28.00;169900.00;2
2;0;1;2;50.00;169900.00;2
2;0;1;1;52.93;169900.00;2
2;0;1;1;51.00;170000.00;2
2;0;1;1;60.00;170000.00;2
1;0;1;1;42.00;170000.00;2
2;0;1;1;52.00;170000.00;2
2;0;1;1;55.00;170000.00;2
2;0;1;1;51.00;170000.00;2
2;0;1;1;55.00;170000.00;2
2;0;1;1;54.00;172000.00;2
2;0;1;1;24.00;174000.00;2
2;0;1;1;54.14;174411.46;2
2;0;1;1;49.49;175000.00;2
2;0;1;1;53.07;175000.00;2
2;0;1;1;47.25;175000.00;2
2;0;1;1;51.00;175000.00;2
2;0;1;1;50.46;175000.00;2
2;0;1;1;66.25;176900.00;2
2;0;1;1;60.00;178369.00;2
2;0;1;1;64.05;178900.00;2
2;0;1;1;59.99;180000.00;2
2;0;1;1;57.77;180000.00;2
2;0;1;1;63.00;180000.00;2
2;0;1;2;48.00;180000.00;2
2;0;1;1;74.19;180000.00;2
1;0;1;0;40.58;150000.00;2
2;0;1;0;45.39;151900.00;2
1;0;1;0;40.23;154900.00;2
2;0;1;0;40.82;155900.00;2
2;0;1;1;0.47;180000.00;2
2;0;1;1;54.00;180000.00;2
1;0;1;1;44.00;180000.00;2
2;0;1;1;73.56;180000.00;2
1;0;2;2;75.00;180000.00;2
2;0;1;1;54.61;180000.00;2
2;0;1;1;50.20;184000.00;2
2;0;1;1;52.00;184000.00;2
1;0;1;0;28.28;184454.78;2
2;0;1;2;56.00;185000.00;2
2;0;1;1;60.00;185000.00;2
2;0;1;1;60.00;185000.00;2
2;0;1;1;51.56;185000.00;2
2;0;1;1;51.56;185000.00;2
2;0;1;1;45.00;185000.00;2
2;0;1;1;56.10;185500.00;2
2;0;1;1;51.56;187000.00;2
2;0;1;1;50.99;187000.00;2
2;0;1;1;61.95;187786.08;2
2;0;1;1;48.37;188000.00;2
2;0;1;1;51.56;189000.00;2
2;0;1;1;45.00;189999.00;2
2;0;1;1;57.30;190000.00;2
2;0;1;1;59.21;190000.00;2
2;0;1;1;51.56;190000.00;2
2;0;1;1;51.56;190000.00;2
2;0;1;1;50.99;190000.00;2
2;0;1;1;51.56;190000.00;2
2;0;1;1;57.00;190000.00;2
2;0;1;1;51.56;190000.00;2
2;0;1;1;50.99;190000.00;2
2;0;1;1;51.56;190000.00;2
2;0;1;1;51.56;190000.00;2
2;0;1;1;50.99;190000.00;2
2;0;1;1;51.13;190000.00;2
2;0;1;1;50.99;190000.00;2
2;0;1;1;70.07;190000.00;2
1;0;1;1;41.00;190000.00;2
1;0;1;1;41.00;190000.00;2
2;0;1;1;50.47;190000.00;2
2;0;1;1;54.00;190000.00;2
2;0;1;1;59.21;190000.00;2
2;0;1;1;57.06;190000.00;2
2;0;1;1;57.06;190000.00;2
2;0;1;1;57.06;190000.00;2
2;0;1;1;52.64;190000.00;2
2;0;1;1;53.93;190000.00;2
2;0;1;1;52.64;190000.00;2
2;0;1;1;57.06;190000.00;2
2;0;1;1;52.83;192000.00;2
1;0;1;1;33.00;193000.00;2
2;0;1;1;45.35;194000.00;2
2;0;1;1;54.89;195000.00;2
2;0;1;1;59.00;195000.00;2
1;0;1;1;54.00;195000.00;2
2;0;1;1;51.00;195000.00;2
2;0;1;1;55.00;196000.00;2
2;0;1;1;49.13;197000.00;2
1;0;1;1;23.00;197722.41;2
1;0;1;1;22.00;197986.00;2
2;0;1;1;68.74;198000.00;2
2;0;1;1;60.00;199000.00;2
2;0;1;1;49.00;199999.00;2
2;0;1;1;55.00;200000.00;2
2;0;1;1;60.39;200000.00;2
2;0;1;0;57.00;189000.00;2
2;0;1;0;47.00;189900.00;2
2;0;1;0;62.26;190000.00;2
1;0;1;0;36.60;194000.00;2
2;0;1;1;61.14;200126.52;3
2;0;1;1;53.60;201095.41;3
2;0;1;1;69.00;201363.30;3
2;0;1;1;44.75;201900.00;3
2;0;1;1;45.30;201900.00;3
2;0;1;1;44.75;201900.00;3
2;0;1;1;45.13;201900.00;3
2;0;1;1;45.30;201900.00;3
2;0;1;0;111.00;202000.00;3
2;0;1;1;62.93;203000.00;3
2;0;1;1;45.13;203300.00;3
2;0;1;1;52.02;204000.00;3
2;0;1;1;46.00;204396.00;3
2;0;1;1;56.48;206000.00;3
1;0;1;1;36.00;206000.00;3
2;0;1;1;49.13;207000.00;3
2;0;1;1;63.68;207614.44;3
1;0;1;1;33.00;208000.00;3
2;0;1;1;52.00;209000.00;3
2;0;1;1;55.00;209000.00;3
2;0;1;1;46.48;209000.00;3
2;0;1;1;48.50;209800.00;3
2;0;1;1;48.50;209800.00;3
2;0;1;1;64.43;209825.44;3
2;0;1;1;46.00;210000.00;3
2;0;1;1;51.00;210000.00;3
2;0;1;1;64.58;210267.64;3
2;0;1;1;72.00;210269.70;3
2;0;1;1;60.78;211326.00;3
3;0;1;1;75.00;212000.00;3
2;0;1;1;45.00;212000.00;3
1;0;1;1;42.00;212248.05;3
2;0;1;1;52.00;212500.00;3
1;0;1;1;34.00;214000.00;3
2;0;1;1;53.62;214900.00;3
2;0;1;1;48.50;216500.00;3
1;0;1;1;34.00;217000.00;3
2;0;1;2;59.02;218830.00;3
2;0;1;2;66.00;219000.00;3
1;0;1;0;32.00;219000.00;3
2;0;1;1;55.13;220000.00;3
2;0;1;1;51.00;220000.00;3
2;0;1;1;84.00;220000.00;3
2;0;1;1;47.00;220000.00;3
1;0;1;1;38.00;220000.00;3
2;0;1;1;78.19;220000.00;3
2;0;1;1;45.00;220000.00;3
2;0;1;1;53.00;220000.00;3
2;0;1;1;45.00;220000.00;3
2;0;1;2;50.00;220000.00;3
2;0;1;1;86.00;220000.00;3
2;0;1;1;53.47;220000.00;3
2;0;1;1;61.31;220000.00;3
2;0;1;1;62.48;220000.00;3
2;0;1;1;47.00;220402.00;3
1;0;1;1;46.40;220500.00;3
1;0;1;1;23.00;221109.56;3
1;0;1;1;33.89;222000.00;3
2;0;1;1;56.47;223900.00;3
1;0;1;1;28.83;225000.00;3
3;0;1;1;62.69;225000.00;3
2;0;1;1;68.33;225000.00;3
2;0;1;1;51.00;226700.00;3
1;0;1;0;32.00;227000.00;3
2;0;1;1;57.21;229900.00;3
2;0;1;1;76.00;230000.00;3
2;0;1;2;63.93;230000.00;3
2;0;1;1;70.30;230000.00;3
3;0;1;1;70.00;230000.00;3
2;0;1;1;55.00;230000.00;3
1;0;1;1;40.00;230000.00;3
2;0;1;1;60.13;231900.00;3
1;0;1;1;47.00;233000.00;3
2;0;1;1;53.68;233500.00;3
1;0;1;1;38.19;234386.00;3
1;0;1;1;50.89;234950.00;3
1;0;1;1;46.17;235000.00;3
2;0;1;1;65.27;235000.00;3
2;0;1;1;48.00;236600.00;3
2;0;1;1;48.00;236600.00;3
1;0;1;1;47.45;238900.00;3
2;0;1;1;55.00;239000.00;3
2;0;1;1;48.50;239400.00;3
2;0;1;1;48.50;239400.00;3
1;0;1;1;48.12;239733.84;3
2;0;1;1;77.00;240000.00;3
4;0;2;3;128.00;240000.00;3
1;0;1;1;19.29;240000.00;3
2;0;1;1;51.00;240000.00;3
2;0;1;1;63.18;240000.00;3
2;0;1;1;52.89;242090.00;3
1;0;1;1;3.53;242245.00;3
2;0;1;1;61.10;245000.00;3
2;0;1;1;41.00;245000.00;3
2;0;1;1;90.00;248000.00;3
2;0;1;1;64.45;249000.00;3
1;0;1;1;40.00;249000.00;3
1;0;1;1;23.00;249188.00;3
1;0;1;1;40.00;250000.00;3
2;0;1;1;50.50;250000.00;3
2;0;1;1;82.49;250000.00;3
2;0;1;1;61.29;250000.00;3
1;0;1;1;40.00;250000.00;3
4;0;2;1;120.00;250000.00;3
1;0;1;1;42.55;250794.59;3
2;0;1;1;60.44;251000.00;3
2;0;1;1;60.44;251000.00;3
2;0;1;1;79.45;252918.00;3
2;0;1;1;79.85;252918.00;3
2;0;1;1;42.00;253000.00;3
2;0;1;1;72.00;254000.00;3
1;0;1;1;31.20;257000.00;3
2;0;1;1;51.00;257500.00;3
1;0;1;1;39.33;257502.73;3
2;0;1;1;59.00;257800.00;3
1;0;1;1;42.45;259186.63;3
1;0;1;0;33.00;227000.00;3
1;0;1;0;31.00;229000.00;3
1;0;1;0;40.88;230000.00;3
1;0;1;0;66.00;230000.00;3
2;0;1;1;62.30;259638.33;3
2;0;1;1;65.00;260000.00;3
2;0;1;1;78.40;260000.00;3
2;0;2;1;74.00;260000.00;3
2;0;1;1;90.12;261000.00;3
2;0;1;1;51.50;261000.00;3
1;0;1;1;26.13;262777.00;3
2;0;1;1;88.59;263621.00;3
1;0;1;1;42.88;263713.14;3
1;0;1;1;26.00;265100.00;3
1;0;1;1;41.31;267000.00;3
1;0;1;1;40.00;268400.75;3
2;0;1;1;70.00;269000.00;3
1;0;1;1;38.93;269594.52;3
2;0;1;1;68.07;270000.00;3
2;0;1;1;50.99;270000.00;3
2;0;1;1;58.00;270000.00;3
3;0;1;2;113.55;270000.00;3
1;0;1;0;54.00;270000.00;3
2;0;1;1;58.60;270280.15;3
2;0;1;1;57.16;272672.00;3
2;0;1;2;54.00;275000.00;3
2;0;1;1;49.04;275000.00;3
1;0;1;1;47.11;275000.00;3
2;0;1;1;57.18;275000.00;3
2;0;1;3;72.00;280000.00;3
2;0;1;3;72.00;280000.00;3
1;0;1;1;52.78;280000.00;3
2;0;1;1;68.10;280000.00;3
2;0;1;3;72.00;280000.00;3
2;0;1;3;72.00;280000.00;3
3;0;2;2;92.00;285000.00;3
2;0;1;1;58.14;285000.00;3
2;0;2;1;65.00;285000.00;3
1;0;1;1;45.00;285000.00;3
1;0;1;1;54.41;285000.00;3
2;0;1;1;71.77;285000.00;3
2;0;1;0;65.00;289000.00;3
2;0;1;1;72.98;290000.00;3
1;0;1;1;40.65;290000.00;3
2;0;1;1;66.57;290000.00;3
2;0;1;1;50.00;290000.00;3
2;0;1;1;60.00;290000.00;3
2;0;1;2;80.00;290000.00;3
2;0;1;1;62.50;290052.00;3
2;0;1;1;72.80;290786.00;3
2;0;1;1;50.00;292000.00;3
2;0;1;1;54.00;295000.00;3
2;0;1;1;58.14;295000.00;3
1;0;1;1;55.00;298000.00;3
2;0;1;1;59.00;298300.00;3
2;0;1;2;55.00;299000.00;3
2;0;1;1;77.00;299000.00;3
2;0;1;2;50.84;299000.00;3
3;0;2;2;60.00;300000.00;3
3;0;1;1;139.00;300000.00;3
2;0;1;1;111.00;300000.00;3
2;0;1;1;80.00;300000.00;3
1;0;1;1;33.92;302375.00;4
1;0;1;1;58.13;305000.00;4
1;0;1;0;29.00;264700.00;3
2;0;1;1;51.00;305000.00;4
2;0;1;1;53.00;305500.00;4
1;0;1;1;30.79;306234.97;4
1;0;1;1;58.65;309000.00;4
1;0;1;1;54.10;310000.00;4
2;0;1;1;80.00;310000.00;4
2;0;1;1;58.14;310000.00;4
3;0;1;1;88.01;310000.00;4
2;0;1;1;54.84;315000.00;4
1;0;1;1;44.80;320000.00;4
3;0;2;1;81.48;320000.00;4
1;0;1;2;24.00;323700.00;4
2;0;1;1;72.00;325000.00;4
2;0;2;1;113.00;325000.00;4
2;0;1;2;120.00;330000.00;4
2;0;1;2;49.00;335000.00;4
1;0;1;1;27.11;338418.00;4
2;0;1;1;84.37;340000.00;4
2;0;3;1;112.38;340000.00;4
1;0;1;1;46.00;345000.00;4
2;0;1;1;57.00;350000.00;4
2;0;1;2;61.00;350000.00;4
2;0;1;1;65.00;355000.00;4
1;0;1;1;29.00;355400.00;4
2;0;1;1;53.00;355809.17;4
2;0;1;1;56.00;356000.00;4
1;0;1;1;43.30;370000.00;4
1;0;1;1;35.00;373812.00;4
1;0;1;1;38.21;374125.00;4
1;0;1;1;54.10;375000.00;4
2;0;1;1;80.00;375000.00;4
2;0;1;1;53.00;376000.00;4
4;0;2;1;79.12;380000.00;4
3;0;1;1;300.00;380043.00;4
1;0;1;1;42.18;380063.00;4
2;0;1;1;53.00;382000.00;4
2;0;1;1;53.00;388000.00;4
1;0;1;1;25.00;389200.00;4
1;0;1;1;40.00;389411.00;4
2;0;1;1;55.13;390000.00;4
2;0;1;1;55.13;390000.00;4
2;0;1;1;55.13;390000.00;4
3;0;2;1;100.00;390000.00;4
1;0;1;1;100.00;390000.00;4
3;0;1;1;100.69;390000.00;4
1;0;1;1;48.02;390000.00;4
2;0;1;1;53.93;390750.68;4
2;0;1;1;53.00;394000.00;4
2;0;1;1;56.00;395000.00;4
1;0;1;0;36.00;306000.00;4
2;0;1;0;64.79;307219.00;4
2;0;1;0;64.79;312059.00;4
2;0;1;0;65.46;336529.00;4
1;0;1;1;47.64;395053.00;4
1;0;1;0;29.94;396000.00;4
2;0;1;1;57.00;398000.00;4
1;0;1;1;48.02;398000.00;4
1;0;1;1;51.18;399000.00;4
2;0;1;1;63.39;399000.00;4
2;0;1;1;65.19;399000.00;4
2;0;1;1;71.03;399580.25;4
2;0;1;1;53.00;400000.00;4
2;0;1;1;56.00;400000.00;4
2;0;1;1;57.00;404000.00;5
1;0;1;1;24.86;404783.00;5
2;0;1;1;56.00;405000.00;5
1;0;1;1;41.31;405000.00;5
1;0;1;1;54.04;405300.00;5
1;0;1;1;48.02;406000.00;5
2;0;1;1;53.00;406000.00;5
1;0;1;1;54.10;407250.00;5
2;0;1;1;56.00;410000.00;5
3;0;2;2;72.00;410000.00;5
2;0;1;1;60.00;410000.00;5
2;0;1;1;57.00;410000.00;5
2;0;1;1;53.00;412000.00;5
1;0;1;1;48.02;415000.00;5
2;0;1;1;57.00;416000.00;5
1;0;1;1;41.31;417000.00;5
1;0;1;1;25.00;417120.00;5
1;0;1;1;49.01;420000.00;5
3;0;1;1;80.00;420000.00;5
2;0;1;1;56.00;420000.00;5
1;0;1;1;45.03;420000.00;5
2;0;1;1;69.44;420000.00;5
2;0;2;1;81.00;420000.00;5
1;0;1;1;45.15;420000.00;5
2;0;1;1;80.00;420063.00;5
2;0;1;1;57.00;422000.00;5
1;0;1;1;41.00;425000.00;5
2;0;1;1;62.07;425000.00;5
1;0;1;1;45.15;428000.00;5
2;0;2;1;105.00;428000.00;5
3;0;1;4;94.80;428990.00;5
1;0;1;1;42.07;430000.00;5
1;0;1;1;42.09;430000.00;5
1;0;1;1;54.24;433290.00;5
2;0;1;1;57.00;434000.00;5
1;0;1;1;40.00;436000.00;5
1;0;1;1;45.15;437000.00;5
1;0;1;1;60.00;438000.00;5
1;0;1;1;43.00;438107.22;5
1;0;1;0;44.48;439000.00;5
2;0;1;1;60.00;448000.00;5
2;0;3;2;85.44;449000.00;5
1;0;1;1;38.00;449083.00;5
2;0;1;1;68.00;450000.00;5
2;0;1;1;65.88;450000.00;5
1;0;1;1;43.45;450000.00;5
2;0;1;1;86.00;450000.00;5
1;0;1;1;40.00;453000.00;5
1;0;1;1;60.00;455000.00;5
2;0;1;1;60.00;459000.00;5
1;0;1;0;33.35;460000.00;5
2;0;1;1;70.00;465000.00;5
2;0;1;1;54.68;466425.30;5
1;0;1;1;27.00;468057.00;5
3;0;1;2;96.00;470000.00;5
2;0;1;1;70.80;470000.00;5
2;0;2;1;68.00;479000.00;5
1;0;1;1;50.00;480000.00;5
3;0;1;1;71.48;480000.00;5
2;0;1;1;60.00;480000.00;5
1;0;1;0;25.00;410099.00;5
1;0;1;0;26.00;436142.00;5
2;0;1;0;80.00;440000.00;5
3;0;1;0;98.13;450000.00;5
2;0;1;1;55.94;486000.00;5
1;0;1;1;55.94;486000.00;5
2;0;1;1;55.94;489000.00;5
2;0;1;2;110.00;490000.00;5
1;0;1;1;47.42;490000.00;5
3;0;1;3;108.00;495000.00;5
1;0;1;1;54.91;495000.00;5
1;0;1;1;56.00;499000.00;5
2;0;1;1;69.00;499900.00;5
2;0;1;1;74.00;500000.00;5
1;0;1;1;40.00;500440.96;6
1;0;1;1;50.56;510000.00;6
1;0;1;1;30.00;510320.19;6
1;0;1;0;28.72;515000.00;6
2;0;1;1;55.94;516000.00;6
2;0;1;1;67.24;519384.00;6
3;0;2;2;126.19;520000.00;6
2;0;1;1;68.13;527136.00;6
2;0;1;1;55.76;530000.00;6
2;0;1;1;100.00;530000.00;6
2;0;1;1;44.00;539000.00;6
1;0;1;1;57.48;542650.00;6
2;0;1;1;87.00;545000.00;6
1;0;1;1;52.00;549000.00;6
1;0;1;1;50.79;550000.00;6
1;0;1;1;44.46;560000.00;6
1;0;1;1;43.00;578262.90;6
2;0;1;1;68.02;578340.00;6
2;0;2;1;175.00;580000.00;6
3;0;2;2;83.34;584000.00;6
2;0;1;1;55.00;588000.00;6
3;0;1;1;138.00;595000.00;6
1;0;1;1;53.00;595563.81;6
2;0;1;1;69.00;599000.00;6
4;0;1;2;150.00;600000.00;6
2;0;1;1;81.00;620000.00;7
2;0;1;1;64.07;623003.00;7
2;0;1;1;71.29;635555.00;7
2;0;1;1;63.39;645000.00;7
1;0;1;1;43.62;649000.00;7
1;0;1;1;48.90;649000.00;7
1;0;1;1;55.00;649000.00;7
1;0;1;1;43.76;649000.00;7
1;0;1;1;67.00;650000.00;7
2;0;1;1;90.00;650000.00;7
2;0;1;1;54.78;650000.00;7
3;0;1;2;81.00;658000.00;7
1;0;1;1;36.96;662200.00;7
2;0;1;1;61.87;662843.00;7
3;0;2;2;101.34;665000.00;7
3;0;1;2;110.06;670000.00;7
3;0;2;3;154.00;670000.00;7
2;0;1;1;70.22;671000.00;7
2;0;1;0;148.74;671000.00;7
1;0;1;1;43.76;674300.00;7
3;0;1;2;320.00;680000.00;7
1;0;1;1;53.27;680000.00;7
2;0;1;1;135.99;681000.00;7
2;0;1;1;72.45;690000.00;7
1;0;1;0;44.90;489500.00;5
1;0;1;0;985.00;522000.00;6
1;0;1;0;29.78;525900.00;6
1;0;1;0;49.00;528679.60;6
2;0;1;0;64.83;550007.13;6
1;0;1;0;49.00;591405.00;6
2;0;1;0;40.07;600000.00;6
1;0;11;1;36.00;707000.00;8
1;0;1;1;62.00;713700.00;8
2;0;1;1;67.00;730000.00;8
1;0;1;1;43.74;735365.00;8
3;0;1;2;92.93;738010.80;8
2;0;1;1;71.51;740000.00;8
2;0;1;2;90.00;740000.00;8
2;0;1;1;56.00;753066.52;8
1;0;1;1;46.82;762663.00;8
1;0;1;1;50.00;765300.00;8
1;0;1;1;45.00;769000.00;8
3;0;1;1;78.49;777321.00;8
3;0;1;2;92.61;780000.00;8
1;0;2;1;79.40;799000.00;8
3;0;1;2;93.40;825282.00;9
2;0;1;2;229.35;835000.00;9
2;0;1;2;129.63;840000.00;9
2;0;1;1;79.79;844494.00;9
3;0;1;2;185.26;849000.00;9
1;0;1;1;59.00;850000.00;9
1;0;1;1;57.37;866811.00;9
2;0;1;1;88.00;879144.00;9
3;0;2;2;106.00;880993.00;9
1;0;1;1;55.00;899000.00;9
1;0;1;1;54.77;901483.00;10
2;0;1;1;80.00;938774.00;10
2;0;1;1;83.00;941480.59;10
2;0;1;2;89.88;949000.00;10
3;0;1;2;213.84;949000.00;10
3;0;1;2;110.97;950000.00;10
2;0;2;1;75.69;958000.00;10
1;0;1;1;64.36;965400.00;10
4;0;2;4;254.09;1000000.00;10
2;0;2;2;63.99;1046502.25;11
3;0;2;2;153.36;1065000.00;11
2;0;1;2;80.12;1078629.09;11
2;0;1;2;166.93;1090000.00;11
2;0;3;3;362.80;1130000.00;11
2;0;1;2;80.22;1139810.98;11
3;0;1;1;100.00;1150000.00;11
1;0;1;1;33.45;1155000.00;11
1;0;1;1;65.00;1155000.00;11
2;0;3;3;362.80;1179000.00;11
3;0;1;1;103.40;1180000.00;11
3;0;1;1;77.81;1220827.00;11
3;0;1;2;108.44;1241583.00;11
2;0;1;1;100.44;1380052.00;11
2;0;2;2;105.00;1400000.00;11
7;0;1;2;282.29;1430000.00;11
3;0;1;2;117.17;1442000.00;11
2;0;1;1;60.00;1500000.00;11
1;0;1;1;133.68;1577940.00;12
4;0;1;2;130.26;1614195.45;12
2;0;2;2;154.00;1650000.00;12
3;0;1;2;113.09;1674837.50;12
3;0;2;0;155.20;1137154.74;11
3;0;2;0;166.58;1142396.06;11
3;0;1;0;121.00;1200000.00;11
4;0;3;0;180.00;1990000.00;12
1;0;1;0;175.00;2700000.00;12
2;0;2;0;830.00;2900000.00;12
2;0;1;1;389.46;3380000.00;12
1;0;1;1;65.41;5100000.00;12
4;0;0;4;367.00;3300000.00;12
