id;proteina;gordura;cinzas;sodio;carboidrato;calorias;umidade;sabor;Tipo
14069;21.43;44.87;5.11;1.77;0.77;4.93;27.82;Quatro_Queijos;Salgada
14053;21.26;43.89;5.34;1.79;1.02;4.84;28.49;Quatro_Queijos;Salgada
14025;19.99;45.78;5.08;1.63;0.8;4.95;28.35;Quatro_Queijos;Salgada
14016;20.15;43.13;4.79;1.61;1.38;4.74;30.55;Quatro_Queijos;Salgada
14005;21.28;41.65;4.82;1.64;1.76;4.67;30.49;Quatro_Queijos;Salgada
14075;20.23;42.31;4.92;1.65;1.4;4.67;31.14;Quatro_Queijos;Salgada
14082;20.97;41.34;4.71;1.58;1.77;4.63;31.21;Quatro_Queijos;Salgada
14097;21.41;41.6;5.28;1.75;2.95;4.72;28.76;Quatro_Queijos;Salgada
14117;20.48;45.1;5.02;1.71;1.18;4.93;28.22;Quatro_Queijos;Salgada
14133;21.19;45.29;5.16;1.66;0.64;4.95;27.72;Quatro_Queijos;Salgada
14101;21.2;45.59;4.94;1.65;0.92;4.98;27.35;Quatro_Queijos;Salgada
14108;21.2;45.03;5.15;1.67;1.64;4.97;26.98;Quatro_Queijos;Salgada
14164;20;45.12;4.93;1.56;1.25;4.91;28.7;Quatro_Queijos;Salgada
14154;19.65;42.45;4.81;1.65;2.81;4.72;30.91;Quatro_Queijos;Salgada
14141;19.99;43.56;5.04;1.83;2.55;5.19;24.76;Quatro_Queijos;Salgada
24005;20.77;42.03;4.9;1.61;1.39;4.67;30.91;Quatro_Queijos;Salgada
24026;17.88;44.33;5.26;1.76;1.7;4.77;30.83;Quatro_Queijos;Salgada
24094;20.06;39.74;5.24;1.69;2.23;4.47;32.73;Quatro_Queijos;Salgada
24108;17.53;40.87;5.05;1.61;1.97;4.46;34.58;Quatro_Queijos;Salgada
24102;20.35;40.44;5.43;1.61;1.98;4.53;31.8;Quatro_Queijos;Salgada
24082;19.05;42.29;5.27;1.71;2.37;4.66;31.02;Quatro_Queijos;Salgada
34017;19.56;47.2;4.95;1.65;1.27;5.08;27.02;Quatro_Queijos;Salgada
34020;20.01;45.59;4.97;1.7;1.65;4.97;27.78;Quatro_Queijos;Salgada
24136;20.58;42.26;4.96;1.63;1.32;4.68;30.88;Quatro_Queijos;Salgada
24122;19.25;43.42;4.62;1.5;0.51;4.7;32.2;Quatro_Queijos;Salgada
24115;18.05;41.88;5.22;1.7;1.66;4.56;33.19;Quatro_Queijos;Salgada
34012;19.78;44.2;4.8;1.61;0.79;4.8;30.43;Quatro_Queijos;Salgada
34006;19.99;45.2;4.78;1.62;1.1;4.91;28.93;Quatro_Queijos;Salgada
24146;18.71;43.99;4.86;1.62;2.03;4.79;30.41;Quatro_Queijos;Salgada
24138;21.1;43.37;5.05;1.69;0.86;4.78;29.62;Quatro_Queijos;Salgada
14015;13.7;29.07;3.62;1.1;4.04;3.33;49.57;Frango_e_catupiry;Salgada
14006;14.38;25.72;3.26;0.93;3.96;3.05;52.68;Frango_e_catupiry;Salgada
14024;13.14;30.38;3.55;0.99;4.4;3.44;48.53;Frango_e_catupiry;Salgada
14052;13.78;28.39;3.56;1;4.08;3.27;50.19;Frango_e_catupiry;Salgada
14062;13.21;27.66;3.64;1;4.82;3.21;50.67;Frango_e_catupiry;Salgada
14047;13.35;29.2;3.52;1.05;3.94;3.32;49.99;Frango_e_catupiry;Salgada
14074;12.93;29.88;3.6;1.03;2.87;3.32;50.72;Frango_e_catupiry;Salgada
14083;12.56;29.95;2.99;0.81;3.69;3.35;50.81;Frango_e_catupiry;Salgada
14094;13.28;25.25;3.1;0.8;4.29;2.98;54.08;Frango_e_catupiry;Salgada
14124;14.27;24.92;3.85;1.06;5.06;3.02;51.9;Frango_e_catupiry;Salgada
24019;13.96;29.25;3.42;0.96;3.04;3.31;50.33;Frango_e_catupiry;Salgada
24012;13.63;29.59;3.41;0.98;3.68;3.36;49.69;Frango_e_catupiry;Salgada
14132;14.02;27.37;3.71;1.11;3.78;3.18;51.12;Frango_e_catupiry;Salgada
14146;13.24;28.91;3.59;1.06;4.49;3.31;49.77;Frango_e_catupiry;Salgada
14149;14.26;22.99;3.19;0.9;4.6;2.82;54.96;Frango_e_catupiry;Salgada
14161;14.87;21.9;3.29;0.86;4.83;2.76;55.11;Frango_e_catupiry;Salgada
14113;14.06;24.95;3.14;0.82;3.73;2.96;54.12;Frango_e_catupiry;Salgada
24008;13.79;29.57;3.52;0.95;3.78;3.36;49.34;Frango_e_catupiry;Salgada
24029;13.14;28.79;3.73;1.09;3.69;3.26;50.65;Frango_e_catupiry;Salgada
24045;14.18;24.6;3.57;1.12;5.19;2.99;52.46;Frango_e_catupiry;Salgada
24040;13.4;28.84;3.48;0.98;4.32;3.3;49.96;Frango_e_catupiry;Salgada
24093;13.17;29.39;3.59;1.06;4.28;3.35;49.57;Frango_e_catupiry;Salgada
24083;13.06;29.46;3.51;1.04;4.63;3.36;49.34;Frango_e_catupiry;Salgada
24049;13.85;27.64;3.71;1.1;3.93;3.2;50.87;Frango_e_catupiry;Salgada
24101;13.9;27.56;3.73;1.08;3.78;3.19;51.03;Frango_e_catupiry;Salgada
34011;14.05;24.73;3.32;0.92;3.92;2.94;53.98;Frango_e_catupiry;Salgada
24125;13.64;27.04;3.57;0.98;3.52;3.12;52.23;Frango_e_catupiry;Salgada
24145;13.95;27.75;3.6;1.04;2.96;3.17;51.74;Frango_e_catupiry;Salgada
24151;13.72;28.28;3.62;1.05;2.86;3.21;51.52;Frango_e_catupiry;Salgada
34005;13.13;28.82;2.94;0.8;3.25;3.25;51.86;Frango_e_catupiry;Salgada
24118;13.18;28.38;3.04;0.86;3.65;3.23;51.75;Frango_e_catupiry;Salgada
14058;26.05;21.4;3.44;0.5;0.71;3;48.4;Muzzarela;Salgada
14022;28.48;17.37;3.53;0.43;1.93;2.78;48.69;Muzzarela;Salgada
14036;25.23;20.89;3.22;0.47;1.78;2.96;48.88;Muzzarela;Salgada
14093;25.63;19.28;3.48;0.55;2.64;2.87;48.97;Muzzarela;Salgada
14080;23.98;23.37;3;0.52;0.81;3.09;48.84;Muzzarela;Salgada
14051;22.09;21.86;2.98;0.36;2.9;3.06;47.93;Muzzarela;Salgada
14029;25.65;19.98;2.51;0.52;2.13;2.91;49.73;Muzzarela;Salgada
14106;28.3;15.79;3.47;0.45;2.26;2.64;50.18;Muzzarela;Salgada
14014;27.98;18.69;3.58;0.48;1.7;2.87;48.15;Muzzarela;Salgada
14073;27.31;16.89;3.08;0.25;3;2.73;49.72;Muzzarela;Salgada
14151;26.24;16.41;3.61;0.6;2.15;2.61;51.59;Muzzarela;Salgada
14162;26.31;14.77;3.51;0.53;3.15;2.51;52.26;Muzzarela;Salgada
14139;25.23;20.03;3.02;0.44;2.37;2.91;49.35;Muzzarela;Salgada
14115;26.03;21.54;3.71;0.6;0.81;3.01;47.91;Muzzarela;Salgada
24006;25.82;20.79;3.33;0.54;2.23;2.99;47.83;Muzzarela;Salgada
24020;25.55;21.1;3.04;0.43;2.41;3.02;47.9;Muzzarela;Salgada
24010;27.77;22.07;2.73;0.51;2.86;3.1;48.12;Muzzarela;Salgada
24031;24.53;21.08;2.84;0.34;2.45;2.98;49.1;Muzzarela;Salgada
24038;24.13;19.75;3.21;0.52;2.87;2.86;50.04;Muzzarela;Salgada
24043;26;16.64;4.17;0.61;1;2.58;52.19;Muzzarela;Salgada
24152;26.17;21.29;3.36;0.48;2.07;3.05;47.11;Muzzarela;Salgada
24144;26.76;19.99;3.64;0.46;1.13;2.91;48.48;Muzzarela;Salgada
24135;26.25;16.45;3.92;0.38;1.16;2.58;52.22;Muzzarela;Salgada
24124;26.91;18;2.21;0.41;3.31;2.83;49.57;Muzzarela;Salgada
24113;24.98;17.2;3.01;0.34;3.1;2.67;51.71;Muzzarela;Salgada
24058;27.42;17.42;3.05;0.33;2.84;2.78;49.27;Muzzarela;Salgada
24085;27.25;20.07;4.19;0.6;2.81;2.92;47.97;Muzzarela;Salgada
24091;23.95;24.24;3.47;0.57;1.09;3.18;47.25;Muzzarela;Salgada
34010;26.34;16.47;3.2;0.43;3.01;2.66;50.98;Muzzarela;Salgada
34003;25.46;20.79;3.04;0.37;1.14;2.94;49.57;Muzzarela;Salgada
14092;21.38;24.96;4.6;0.77;2.42;3.2;46.64;Portuguesa;Salgada
14081;21.6;25.87;4.51;0.73;2.09;3.28;45.93;Portuguesa;Salgada
14072;22.07;21.13;4.07;0.72;5.13;2.99;47.6;Portuguesa;Salgada
14116;22.44;19.61;4.06;0.6;6.28;2.91;47.61;Portuguesa;Salgada
14128;21.79;21.17;4.06;0.76;6.07;3.02;46.91;Portuguesa;Salgada
14107;21.71;23.6;4.59;0.75;3.22;3.12;46.88;Portuguesa;Salgada
14050;21.75;20.83;4.01;0.67;5.92;2.98;47.49;Portuguesa;Salgada
14013;21.96;20.88;4.02;0.7;5.11;2.96;48.03;Portuguesa;Salgada
14004;27.99;17.49;3.29;0.39;2.07;2.78;49.16;Portuguesa;Salgada
14003;22.29;21.3;4.08;0.74;5.16;3.02;47.17;Portuguesa;Salgada
14037;21.48;21.69;4.03;0.67;5.51;3.03;47.29;Portuguesa;Salgada
14023;21.11;21.54;4.02;0.7;5.8;3.02;47.53;Portuguesa;Salgada
14059;22.25;19.53;4.04;0.68;6.32;2.9;47.86;Portuguesa;Salgada
14163;22.65;21.59;5.22;0.93;2.45;2.95;48.09;Portuguesa;Salgada
14150;22.38;21.39;5.21;0.99;3.29;2.95;47.73;Portuguesa;Salgada
14140;22.73;21.05;5.22;0.98;2.56;2.91;48.44;Portuguesa;Salgada
24007;22.13;21.01;4.09;0.72;5.34;2.99;47.43;Portuguesa;Salgada
24021;21.84;20.45;4.06;0.71;5.97;2.95;47.68;Portuguesa;Salgada
24011;22.05;20.57;4.04;0.7;5.29;2.94;48.05;Portuguesa;Salgada
24030;21.31;21.05;4.01;0.73;5.62;2.97;48.01;Portuguesa;Salgada
34009;22.37;20.97;4.06;0.7;5.15;2.99;47.45;Portuguesa;Salgada
24039;22.36;20.39;4.02;0.7;5.43;2.95;47.8;Portuguesa;Salgada
24044;22.49;19.53;4.18;0.62;5.49;2.88;48.31;Portuguesa;Salgada
24057;22.23;21.33;3.98;0.66;4.76;3;47.7;Portuguesa;Salgada
34004;21.19;25.18;4.66;0.8;2.78;3.23;46.19;Portuguesa;Salgada
24153;22.43;18.68;4.1;0.72;5.98;2.82;48.81;Portuguesa;Salgada
24143;22.95;21.93;5.26;0.85;0.97;2.93;48.89;Portuguesa;Salgada
24134;22.22;20.4;4.07;0.56;5.4;2.94;47.91;Portuguesa;Salgada
24123;21.51;25.44;4.58;0.6;2.19;3.24;46.28;Portuguesa;Salgada
24114;21.43;26;4.71;0.69;1.57;3.26;46.29;Portuguesa;Salgada
24084;20.84;25.68;4.52;0.69;1.93;3.22;47.03;Portuguesa;Salgada
24092;20.7;25.1;4.55;0.7;2.85;3.2;46.8;Portuguesa;Salgada
24043;26;16.64;4.17;0.61;1;2.58;52.19;Portuguesa;Salgada
14012;1.98;12.23;1.85;0.38;10.47;0.5;85.7;Vegetariana;Salgada
14002;1.79;11.9;1.8;0.41;10.45;0.65;85.96;Vegetariana;Salgada
14034;1.93;12.07;1.78;0.39;10.29;0.49;86;Vegetariana;Salgada
14020;1.91;12.02;1.9;0.39;10.84;0.51;85.35;Vegetariana;Salgada
14048;1.93;11.88;1.82;0.36;10.83;0.51;85.42;Vegetariana;Salgada
14060;1.98;11.67;1.78;0.37;10.82;0.51;85.42;Vegetariana;Salgada
14071;1.89;11.98;1.79;0.39;10.88;0.51;85.44;Vegetariana;Salgada
14105;1.94;11.88;1.96;0.44;10.51;0.5;85.59;Vegetariana;Salgada
14147;1.87;12.01;1.88;0.42;10.23;0.48;86.02;Vegetariana;Salgada
14090;1.95;12.34;1.89;0.4;10.81;0.51;85.35;Vegetariana;Salgada
14086;1.96;12.01;1.87;0.39;11.15;0.52;85.02;Vegetariana;Salgada
24014;2.01;12.56;1.9;0.42;10.79;0.51;85.3;Vegetariana;Salgada
24003;1.81;12.34;1.75;0.37;7.75;0.38;88.69;Vegetariana;Salgada
14120;1.82;12.01;1.82;0.4;10.65;0.5;85.71;Vegetariana;Salgada
14167;1.42;11.45;1.71;0.36;10.92;0.49;85.95;Vegetariana;Salgada
14136;1.68;11.8;2.04;0.46;10.68;0.49;85.6;Vegetariana;Salgada
14138;1.68;11.78;1.67;0.37;11.65;0.53;85;Vegetariana;Salgada
24051;1.72;11.76;1.78;0.38;10.93;0.51;85.57;Vegetariana;Salgada
24027;1.93;11.77;1.79;0.4;10.92;0.51;85.36;Vegetariana;Salgada
24017;1.89;11.69;1.77;0.39;10.73;0.43;85.61;Vegetariana;Salgada
24060;1.92;11.8;1.92;0.44;10.64;0.5;85.52;Vegetariana;Salgada
24129;1.65;11.85;1.77;0.38;10.5;0.49;86.08;Vegetariana;Salgada
24126;1.83;12.01;1.67;0.35;10.83;0.51;85.67;Vegetariana;Salgada
24154;1.81;11.91;1.96;0.45;10.57;0.5;85.66;Vegetariana;Salgada
34001;1.68;11.89;1.67;0.32;10.66;0.49;85.99;Vegetariana;Salgada
34015;1.66;11.76;1.77;0.37;10.75;0.5;85.82;Vegetariana;Salgada
24090;1.7;11.59;1.79;0.38;10.76;0.5;85.75;Vegetariana;Salgada
24117;1.55;11.45;1.66;0.35;10.51;0.48;86.28;Vegetariana;Salgada
24147;1.75;11.9;1.97;0.44;10.59;0.49;85.69;Vegetariana;Salgada
24095;1.66;11.91;1.71;0.36;11.42;0.52;85.21;Vegetariana;Salgada
24105;1.69;12.01;1.94;0.44;11.25;0.52;85.12;Vegetariana;Salgada
14011;1.75;16.14;1.75;0.36;11.73;0.54;84.77;CalifÛrnia;Doce
14001;1.69;17.09;1.69;0.39;11.88;0.69;84.74;CalifÛrnia;Doce
14035;1.69;16.01;1.77;0.39;11.58;0.53;84.96;CalifÛrnia;Doce
14021;1.68;15.89;1.66;0.33;11.63;0.53;85.03;CalifÛrnia;Doce
14049;1.76;15.67;1.71;0.34;12.18;0.56;84.35;CalifÛrnia;Doce
14061;1.76;16.78;1.6;0.38;12.39;0.5;84.25;CalifÛrnia;Doce
14070;1.7;15.99;1.66;0.34;12.42;0.56;84.22;CalifÛrnia;Doce
14104;1.58;17.01;1.69;0.33;12.06;0.55;84.67;CalifÛrnia;Doce
14091;1.67;14.99;1.77;0.37;12.22;0.56;84.34;CalifÛrnia;Doce
14148;1.61;15.02;1.65;0.36;11.69;0.53;85.05;CalifÛrnia;Doce
14087;1.86;14.98;1.71;0.35;12.14;0.56;84.29;CalifÛrnia;Doce
14135;1.58;16.01;1.79;0.41;12.17;0.55;84.46;CalifÛrnia;Doce
14121;1.75;15.89;1.75;0.4;11.83;0.54;84.67;CalifÛrnia;Doce
14168;1.78;16.01;2.07;0.49;10.7;0.5;85.45;CalifÛrnia;Doce
24002;1.6;15.78;1.76;0.39;11.96;0.54;84.68;CalifÛrnia;Doce
24018;1.73;15.76;1.59;0.35;12.15;0.56;84.53;CalifÛrnia;Doce
24013;1.89;16.01;1.73;0.39;12.07;0.56;84.31;CalifÛrnia;Doce
24061;1.71;15.92;1.73;0.37;12.3;0.56;84.26;CalifÛrnia;Doce
24028;1.8;16.03;1.65;0.36;12.15;0.56;84.4;CalifÛrnia;Doce
24050;1.67;16.21;1.7;0.39;11.72;0.54;84.91;CalifÛrnia;Doce
24116;1.42;16.41;1.68;0.37;11.73;0.53;85.17;CalifÛrnia;Doce
24127;1.44;16.03;1.64;0.36;11.39;0.51;85.53;CalifÛrnia;Doce
24081;1.53;17.01;1.71;0.37;12.35;0.56;84.41;CalifÛrnia;Doce
24130;1.49;16.21;1.63;0.34;12.38;0.55;84.5;CalifÛrnia;Doce
24148;1.54;16.41;1.69;0.36;12.45;0.56;84.32;CalifÛrnia;Doce
24155;1.6;16.42;1.79;0.39;13.04;0.59;83.57;CalifÛrnia;Doce
34002;1.51;15.98;1.67;0.35;11.99;0.54;84.83;CalifÛrnia;Doce
24080;1.68;16.03;1.71;0.37;12.36;0.56;84.25;CalifÛrnia;Doce
24096;1.59;15.87;1.76;0.4;12.34;0.56;84.31;CalifÛrnia;Doce
34016;1.45;15.76;1.56;0.33;11.56;0.52;85.43;CalifÛrnia;Doce
14091;1.67;15.97;1.77;0.37;12.22;0.56;84.34;CalifÛrnia;Doce
24081;1.53;16.03;1.71;0.37;12.35;0.56;84.41;CalifÛrnia;Doce
24018;1.73;16.02;1.59;0.35;12.15;0.56;84.53;CalifÛrnia;Doce
14035;1.69;15.59;1.77;0.39;11.58;0.53;84.96;CalifÛrnia;Doce
24130;1.49;15.91;1.63;0.34;12.38;0.55;84.5;CalifÛrnia;Doce
24155;1.6;15.84;1.79;0.39;13.04;0.59;83.57;CalifÛrnia;Doce
14089;7.44;16.24;1.31;0.39;40.43;3.38;34.58;Milho;Salgada
14056;7.77;17.07;1.37;0.4;36.95;3.33;36.84;Milho;Salgada
14099;8.05;15.77;1.38;0.41;39.66;3.33;35.14;Milho;Salgada
14033;8.67;4.44;1.54;0.51;46.1;2.59;39.25;Milho;Salgada
14063;7.75;14.87;1.42;0.42;41.45;3.31;34.51;Milho;Salgada
14029;8.36;4.39;1.52;0.48;46.14;2.58;39.59;Milho;Salgada
14039;7.81;13.67;1.36;0.4;42.22;3.23;34.94;Milho;Salgada
14142;8.1;16.44;1.45;0.44;34.65;3.19;39.36;Milho;Salgada
14122;7.74;15.49;1.45;0.45;39.28;3.27;36.04;Milho;Salgada
14078;7.75;15.67;1.43;0.44;38.61;3.26;36.54;Milho;Salgada
14126;8.3;13.05;1.64;0.49;39.23;3.08;37.78;Milho;Salgada
14109;7.92;13.85;1.46;0.4;41.47;3.22;35.3;Milho;Salgada
14155;7.62;19.07;1.44;0.44;37.4;3.52;34.47;Milho;Salgada
14160;7.54;19.56;1.32;0.43;38.34;3.6;33.24;Milho;Salgada
24025;7.76;17.94;1.45;0.43;38.46;3.77;34.26;Milho;Salgada
24110;7.33;19.61;1.6;0.45;34.12;3.42;37.34;Milho;Salgada
24088;7.93;13.58;1.43;0.45;39.47;3.12;37.59;Milho;Salgada
24053;7.52;12.46;1.51;0.47;42.01;3.1;36.5;Milho;Salgada
24110;7.33;19.61;1.6;0.45;34.12;3.42;37.34;Milho;Salgada
24035;7.98;14.54;1.46;0.49;41.71;3.3;34.31;Milho;Salgada
24099;7.8;14.77;1.46;0.46;39.28;3.21;36.69;Milho;Salgada
24140;7.75;17.94;1.61;0.44;38.47;3.46;34.23;Milho;Salgada
34031;7.47;17.67;1.44;0.47;37.88;3.4;35.54;Milho;Salgada
34030;6.98;20.02;1.35;0.46;36.44;3.54;35.21;Milho;Salgada
24133;7.27;18;1.52;0.5;38.6;3.45;34.61;Milho;Salgada
34032;7.11;19.5;1.48;0.45;38.26;3.57;33.65;Milho;Salgada
24142;7.26;18.8;1.58;0.43;37.59;3.49;34.77;Milho;Salgada
34033;7.4;8.18;1.63;0.53;45.47;2.85;37.32;Milho;Salgada
14126;8.3;13.05;1.64;0.49;39.23;3.08;37.78;Milho;Salgada
24036;7.72;15.39;1.4;0.4;38.96;3.25;36.13;Milho;Salgada
24104;7.54;13.93;1.45;0.44;42.6;3.26;34.48;Milho;Salgada
34037;7.65;18.39;1.53;0.49;44.4;3.74;28.03;Chocolate_branco_nozes;Doce
14054;7.99;15.16;1.46;0.48;45.3;3.5;30.09;Chocolate_branco_nozes;Doce
14027;7.96;17.27;1.42;0.44;44.65;3.49;28.7;Chocolate_branco_nozes;Doce
14118;8.17;14.35;1.49;0.46;46.2;3.46;29.79;Chocolate_branco_nozes;Doce
14110;8.02;20.39;1.45;0.45;40.07;3.76;30.07;Chocolate_branco_nozes;Doce
14096;7.7;18.88;1.4;0.43;43.56;3.75;28.46;Chocolate_branco_nozes;Doce
14079;8.09;14.82;1.52;0.51;45.28;3.47;30.29;Chocolate_branco_nozes;Doce
14065;7.67;16.12;1.41;0.43;46.14;3.6;28.66;Chocolate_branco_nozes;Doce
14084;8.31;13.42;1.49;0.43;45.82;3.37;30.96;Chocolate_branco_nozes;Doce
14018;8.2;14.51;1.5;0.5;46.01;3.47;29.78;Chocolate_branco_nozes;Doce
14038;7.76;16.04;1.4;0.42;44.52;3.53;30.28;Chocolate_branco_nozes;Doce
14152;8.11;19.23;1.51;0.48;41.23;3.7;29.92;Chocolate_branco_nozes;Doce
14143;7.79;15.08;1.41;0.45;46.18;3.52;29.54;Chocolate_branco_nozes;Doce
14130;8.18;19.35;1.39;0.58;42.15;3.75;28.93;Chocolate_branco_nozes;Doce
14165;7.95;15.08;1.45;0.47;45.63;3.5;29.89;Chocolate_branco_nozes;Doce
14008;8.29;16.69;1.46;0.69;46.64;3.7;28.56;Chocolate_branco_nozes;Doce
24035;7.78;17.3;1.29;0.4;46.25;3.72;27.65;Chocolate_branco_nozes;Doce
24049;7.82;17.96;1.41;0.45;44.48;3.71;28.33;Chocolate_branco_nozes;Doce
24042;8.07;20.05;1.45;0.45;41.33;3.78;29.1;Chocolate_branco_nozes;Doce
24046;8.05;14.07;1.44;0.45;46.22;3.49;29.59;Chocolate_branco_nozes;Doce
24055;7.88;17.49;1.44;0.47;45.26;3.96;27.93;Chocolate_branco_nozes;Doce
24086;8.02;14.17;1.49;0.47;45.79;3.43;30.53;Chocolate_branco_nozes;Doce
24097;8.11;12.92;1.56;0.47;46.73;3.36;30.68;Chocolate_branco_nozes;Doce
24103;8.06;12.23;1.5;0.47;48.06;3.35;30.15;Chocolate_branco_nozes;Doce
24109;8.02;16.34;1.43;0.45;44.91;3.59;29.3;Chocolate_branco_nozes;Doce
24150;7.63;15.71;1.63;0.46;45.34;3.53;29.69;Chocolate_branco_nozes;Doce
24157;7.51;17.78;1.58;0.43;44.13;3.67;29;Chocolate_branco_nozes;Doce
34035;7.7;16.67;1.48;0.47;45.17;3.62;28.98;Chocolate_branco_nozes;Doce
24106;7.88;17.21;1.42;0.46;44.65;3.65;28.84;Chocolate_branco_nozes;Doce
34036;7.6;18.51;1.45;0.46;44.1;3.73;28.34;Chocolate_branco_nozes;Doce
34034;7.62;19.29;1.45;0.47;43.28;3.77;28.36;Chocolate_branco_nozes;Doce
24137;7.6;14.22;1.78;0.45;45.43;3.4;30.97;Chocolate_branco_nozes;Doce
14145;8.23;15.45;1.41;0.45;46.76;3.59;28.15;Brigadeiro;Doce
24015;8.19;14.9;1.4;0.43;47.16;3.56;28.35;Brigadeiro;Doce
24004;8.03;13.67;1.41;0.42;46.04;3.39;30.85;Brigadeiro;Doce
14095;8.3;15;1.41;0.43;47.08;3.57;28.21;Brigadeiro;Doce
14153;8.26;20.1;1.37;0.42;41.44;3.8;28.83;Brigadeiro;Doce
14017;8.05;16.72;1.31;0.43;45.63;3.65;28.29;Brigadeiro;Doce
14010;8.3;16.07;1.41;0.45;45.54;3.6;28.68;Brigadeiro;Doce
14055;8.28;15.62;1.53;0.5;46.86;3.61;27.71;Brigadeiro;Doce
14040;8.27;16.4;1.37;0.41;45.93;3.64;28.03;Brigadeiro;Doce
14026;8.34;16.19;1.42;0.45;45.92;3.63;28.13;Brigadeiro;Doce
14119;8.42;14.06;1.47;0.45;47.96;3.52;28.09;Brigadeiro;Doce
14131;8.57;14.16;1.76;0.42;47.32;3.51;28.19;Brigadeiro;Doce
14112;8.42;15.24;1.43;0.43;46.28;3.56;28.63;Brigadeiro;Doce
14077;7.87;12.07;1.37;0.44;45.6;3.23;33.09;Brigadeiro;Doce
14066;8.03;19.98;1.43;0.45;44.23;3.89;26.33;Brigadeiro;Doce
14085;8.55;15.18;1.51;0.46;47.48;3.61;27.28;Brigadeiro;Doce
14166;8.25;14.65;1.45;0.46;48.09;3.57;27.56;Brigadeiro;Doce
24022;8.06;15.34;1.35;0.42;47.53;3.6;27.72;Brigadeiro;Doce
24041;8.21;17.33;1.39;0.42;42.44;3.59;30.63;Brigadeiro;Doce
24047;8.46;14.12;1.47;0.47;46.89;3.48;29.06;Brigadeiro;Doce
24033;8.25;17.3;1.48;0.47;44.42;3.66;28.55;Brigadeiro;Doce
24119;8.27;14.68;1.79;0.46;48.1;3.58;27.16;Brigadeiro;Doce
24121;8.17;13.64;1.45;0.47;48.41;3.49;28.33;Brigadeiro;Doce
24131;8.12;13.46;1.44;0.46;46.78;3.41;28.75;Brigadeiro;Doce
24156;7.99;17.53;1.42;0.44;46.87;3.77;26.19;Brigadeiro;Doce
34008;7.89;17.97;1.3;0.39;46.39;3.79;26.45;Brigadeiro;Doce
34018;8.24;15.16;1.46;0.45;47.42;3.59;27.72;Brigadeiro;Doce
24059;8.49;16.87;1.45;0.47;48.19;3.79;25;Brigadeiro;Doce
34013;8.46;12.25;1.51;0.46;48.64;3.39;29.14;Brigadeiro;Doce
24149;8.01;16.02;1.43;0.45;45.9;3.6;28.64;Brigadeiro;Doce
14127;8.33;11.9;1.42;0.39;42.23;3.09;36.12;PÈ_de_moleque;Doce
24001;8.04;19.07;1.36;0.41;36.43;3.5;35.1;PÈ_de_moleque;Doce
14144;7.66;15.39;1.37;0.46;40.1;3.3;35.48;PÈ_de_moleque;Doce
14123;9.04;6.24;1.5;0.42;47.56;2.83;35.66;PÈ_de_moleque;Doce
14111;8.07;16.15;1.41;0.4;38.81;3.33;35.61;PÈ_de_moleque;Doce
14088;8.01;16.36;1.3;0.39;38.65;3.34;35.68;PÈ_de_moleque;Doce
14028;8.34;4.96;1.42;0.43;44.56;2.56;40.72;PÈ_de_moleque;Doce
14009;7.32;16.4;1.76;0.36;38.97;3.33;35.55;PÈ_de_moleque;Doce
14007;7.34;15.78;1.34;0.42;42.49;3.41;33.05;PÈ_de_moleque;Doce
14057;8.07;14.93;1.31;0.4;41.94;3.34;33.75;PÈ_de_moleque;Doce
14032;8.55;4.38;1.41;0.43;46.82;2.61;38.84;PÈ_de_moleque;Doce
14100;7.45;18.49;1.39;0.4;39.23;3.53;33.44;PÈ_de_moleque;Doce
14041;8.67;15.05;1.35;0.38;38.5;3.24;36.43;PÈ_de_moleque;Doce
14064;7.9;14.09;1.25;0.42;40.92;3.22;35.84;PÈ_de_moleque;Doce
14076;8.38;12.59;1.36;0.41;41.04;3.11;36.63;PÈ_de_moleque;Doce
14159;8.11;13.45;1.34;0.42;41.59;3.2;35.5;PÈ_de_moleque;Doce
14156;7.82;14.58;1.32;0.4;39.41;3.2;36.87;PÈ_de_moleque;Doce
24009;7.51;15.63;1.42;0.42;39.94;3.3;35.5;PÈ_de_moleque;Doce
24016;7.76;15.84;1.3;0.42;41.2;3.38;33.9;PÈ_de_moleque;Doce
24024;7.82;14.08;1.43;0.42;40.87;3.21;35.8;PÈ_de_moleque;Doce
24089;7.86;14.27;1.4;0.44;40.73;3.23;35.74;PÈ_de_moleque;Doce
24054;7.47;19.14;1.34;0.4;36.31;3.47;35.74;PÈ_de_moleque;Doce
24037;8.23;16.6;1.4;0.45;37.78;3.33;35.99;PÈ_de_moleque;Doce
24034;7.9;13.83;1.41;0.46;41.36;3.22;35.5;PÈ_de_moleque;Doce
24120;7.41;16.41;1.75;0.43;38.52;3.31;35.91;PÈ_de_moleque;Doce
34028;7.7;15.6;1.37;0.43;39.32;3.28;36.01;PÈ_de_moleque;Doce
34007;7.42;18.16;1.17;0.39;36.52;3.39;36.73;PÈ_de_moleque;Doce
24139;7.47;14.72;1.67;0.4;40.28;3.23;35.86;PÈ_de_moleque;Doce
34029;8.06;12.54;1.35;0.43;41.73;3.12;36.32;PÈ_de_moleque;Doce
24100;7.17;17.88;1.29;0.4;39.05;3.46;34.61;PÈ_de_moleque;Doce
24132;7.81;9.34;1.64;0.44;44.54;2.93;36.67;PÈ_de_moleque;Doce
24112;7.97;13.5;1.45;0.42;41.14;3.18;35.94;PÈ_de_moleque;Doce
24089;7.86;14.27;1.4;0.44;40.73;3.23;35.74;PÈ_de_moleque;Doce
14134;10.36;12.89;2.21;0.53;19.9;2.37;54.64;Romana;Salgada
14046;9.85;13.55;2.04;0.47;20.05;2.42;54.52;Romana;Salgada
14019;10.22;13.05;2.07;0.48;20.82;2.42;53.84;Romana;Salgada
24107;10.66;14.04;2.03;0.46;18.95;2.45;54.32;Romana;Salgada
24111;10.19;14.35;2.02;0.49;20.54;2.52;52.9;Romana;Salgada
24128;11.11;11.3;2.05;0.47;20.54;2.28;55;Romana;Salgada
24052;9.06;11.49;1.93;0.48;21.28;2.25;56.24;Romana;Salgada
14068;9.96;13.22;2.05;0.46;18.52;2.33;56.25;Romana;Salgada
14157;9.61;12.18;2.16;0.51;21.62;2.35;54.43;Romana;Salgada
14158;11;15.23;2.25;0.55;17.83;2.52;53.69;Romana;Salgada
14102;10.32;13.77;2.15;0.48;19.07;2.41;54.69;Romana;Salgada
14103;11.17;13.83;2.18;0.47;19.66;2.48;53.16;Romana;Salgada
14031;10.92;12.51;2.2;0.51;19.22;2.33;55.15;Romana;Salgada
14067;10.78;13.65;2.08;0.5;18.62;2.4;54.87;Romana;Salgada
14030;10.46;12.37;2.17;0.51;19.57;2.31;55.43;Romana;Salgada
24023;9.69;13.89;1.99;0.48;18.83;2.39;55.6;Romana;Salgada
14114;9.93;12.66;2.07;0.53;20.83;2.37;54.51;Romana;Salgada
14098;10.18;12.6;2.06;0.48;20.42;2.36;54.74;Romana;Salgada
14125;10.67;12.18;2.08;0.49;20.9;2.36;54.17;Romana;Salgada
24048;10.78;12.98;2.12;0.49;21.37;2.45;52.75;Romana;Salgada
34023;11.43;13.09;2.24;0.48;18.88;2.39;54.36;Romana;Salgada
34022;10.75;13.87;2.13;0.46;18.97;2.4;54.28;Romana;Salgada
34021;10.4;13.22;2.1;0.47;19.74;2.4;54.54;Romana;Salgada
34014;10.37;12.17;2.02;0.45;18.67;2.26;56.77;Romana;Salgada
24141;10.68;13.53;2.04;0.46;19.69;2.43;54.06;Romana;Salgada
34019;9.66;10.95;2.04;0.47;20.13;2.18;57.22;Romana;Salgada
34027;10.57;13.42;2.08;0.5;19.13;2.4;54.8;Romana;Salgada
34026;10.13;13.25;2.07;0.46;20.38;2.41;54.17;Romana;Salgada
34025;10.73;12.78;2.16;0.48;20.76;2.41;53.57;Romana;Salgada
34024;9.84;12.91;2.08;0.51;19.88;2.35;55.29;Romana;Salgada
34042;10.34;16.14;2.47;0.67;24.89;2.86;46.16;Brocolis;Salgada
34045;10.97;16.49;2.46;0.65;26.28;2.97;43.8;Brocolis;Salgada
14044;10.43;15.18;2.32;0.56;24.47;2.76;47.6;Brocolis;Salgada
14045;9.91;15.5;2.27;0.57;25.48;2.81;46.84;Brocolis;Salgada
14042;9.87;15.97;2.19;0.53;25.87;2.87;46.1;Brocolis;Salgada
14043;10.16;14.56;2.27;0.54;25.17;2.72;47.84;Brocolis;Salgada
24065;10.5;17.07;2.33;0.61;24.24;2.93;45.86;Brocolis;Salgada
24064;10.75;16.72;2.24;0.61;23.74;2.88;46.55;Brocolis;Salgada
24063;10.71;17.24;2.36;0.61;23.56;2.92;46.13;Brocolis;Salgada
24062;9.76;16.01;2.3;0.6;23.35;2.77;48.58;Brocolis;Salgada
24074;12.91;15.56;2.34;0.61;24.43;2.89;44.76;Brocolis;Salgada
24073;10.84;13.99;2.38;0.64;26.66;2.76;46.13;Brocolis;Salgada
24072;10.45;16.5;2.35;0.61;23.27;2.83;47.43;Brocolis;Salgada
24071;11.26;15.93;2.47;0.63;24.12;2.85;46.22;Brocolis;Salgada
24068;10.67;16.38;2.44;0.6;25.31;2.91;45.2;Brocolis;Salgada
24078;10.46;15.16;2.34;0.64;24.99;2.78;47.05;Brocolis;Salgada
24056;10.81;19.49;2.51;0.68;23.74;3.14;43.45;Brocolis;Salgada
34038;10.23;16.31;2.5;0.67;23.22;2.81;47.74;Brocolis;Salgada
34041;10.42;17.2;2.34;0.61;24.87;2.96;45.17;Brocolis;Salgada
34040;10.52;16.12;2.44;0.66;26.15;2.92;44.77;Brocolis;Salgada
24067;10.75;16;2.4;0.64;22.94;2.79;47.91;Brocolis;Salgada
24066;10.23;16.5;2.3;0.59;25.28;2.91;45.69;Brocolis;Salgada
24076;10.3;16.38;2.35;0.61;24.85;2.88;46.12;Brocolis;Salgada
24077;10.31;15.45;2.34;0.62;24.55;2.78;47.35;Brocolis;Salgada
24070;9.39;16.23;2.14;0.55;27.03;2.92;45.21;Brocolis;Salgada
24075;10;17.73;2.32;0.59;23.61;2.94;46.34;Brocolis;Salgada
34043;10.96;18.39;2.56;0.66;24.02;3.05;44.07;Brocolis;Salgada
34044;11.07;17;2.49;0.66;25.36;2.91;44.91;Brocolis;Salgada
24069;11.79;18.46;2.43;0.67;24.17;3.1;43.15;Brocolis;Salgada
34039;11.01;16.03;2.43;0.64;25.98;2.92;44.55;Brocolis;Salgada
14044;10.43;15.18;2.32;0.56;24.47;2.76;47.6;Brocolis;Salgada
14045;9.91;15.5;2.27;0.57;25.48;2.81;46.84;Brocolis;Salgada